GEO_ID,DP05_0001E,DP05_0001M,DP05_0002E,DP05_0002M,DP05_0003E,DP05_0003M,DP05_0004E,DP05_0004M,DP05_0005E,DP05_0005M,DP05_0006E,DP05_0006M,DP05_0007E,DP05_0007M,DP05_0008E,DP05_0008M,DP05_0009E,DP05_0009M,DP05_0010E,DP05_0010M,DP05_0011E,DP05_0011M,DP05_0012E,DP05_0012M,DP05_0013E,DP05_0013M,DP05_0014E,DP05_0014M,DP05_0015E,DP05_0015M,DP05_0016E,DP05_0016M,DP05_0017E,DP05_0017M,DP05_0018E,DP05_0018M,DP05_0019E,DP05_0019M,DP05_0020E,DP05_0020M,DP05_0021E,DP05_0021M,DP05_0022E,DP05_0022M,DP05_0023E,DP05_0023M,DP05_0024E,DP05_0024M,DP05_0025E,DP05_0025M,DP05_0026E,DP05_0026M,DP05_0027E,DP05_0027M,DP05_0028E,DP05_0028M,DP05_0029E,DP05_0029M,DP05_0030E,DP05_0030M,DP05_0031E,DP05_0031M,DP05_0032E,DP05_0032M,DP05_0033E,DP05_0033M,DP05_0034E,DP05_0034M,DP05_0035E,DP05_0035M,DP05_0036E,DP05_0036M,DP05_0037E,DP05_0037M,DP05_0038E,DP05_0038M,DP05_0039E,DP05_0039M,DP05_0040E,DP05_0040M,DP05_0041E,DP05_0041M,DP05_0042E,DP05_0042M,DP05_0043E,DP05_0043M,DP05_0044E,DP05_0044M,DP05_0045E,DP05_0045M,DP05_0046E,DP05_0046M,DP05_0047E,DP05_0047M,DP05_0048E,DP05_0048M,DP05_0049E,DP05_0049M,DP05_0050E,DP05_0050M,DP05_0051E,DP05_0051M,DP05_0052E,DP05_0052M,DP05_0053E,DP05_0053M,DP05_0054E,DP05_0054M,DP05_0055E,DP05_0055M,DP05_0056E,DP05_0056M,DP05_0057E,DP05_0057M,DP05_0058E,DP05_0058M,DP05_0059E,DP05_0059M,DP05_0060E,DP05_0060M,DP05_0061E,DP05_0061M,DP05_0062E,DP05_0062M,DP05_0063E,DP05_0063M,DP05_0064E,DP05_0064M,DP05_0065E,DP05_0065M,DP05_0066E,DP05_0066M,DP05_0067E,DP05_0067M,DP05_0068E,DP05_0068M,DP05_0069E,DP05_0069M,DP05_0070E,DP05_0070M,DP05_0071E,DP05_0071M,DP05_0072E,DP05_0072M,DP05_0073E,DP05_0073M,DP05_0074E,DP05_0074M,DP05_0075E,DP05_0075M,DP05_0076E,DP05_0076M,DP05_0077E,DP05_0077M,DP05_0078E,DP05_0078M,DP05_0079E,DP05_0079M,DP05_0080E,DP05_0080M,DP05_0081E,DP05_0081M,NAME,DP05_0001EA,DP05_0001MA,DP05_0002MA,DP05_0002EA,DP05_0003EA,DP05_0003MA,DP05_0004EA,DP05_0004MA,DP05_0005MA,DP05_0005EA,DP05_0006EA,DP05_0006MA,DP05_0007EA,DP05_0007MA,DP05_0008MA,DP05_0008EA,DP05_0009MA,DP05_0009EA,DP05_0010EA,DP05_0010MA,DP05_0011MA,DP05_0011EA,DP05_0012EA,DP05_0012MA,DP05_0013EA,DP05_0013MA,DP05_0014MA,DP05_0014EA,DP05_0015EA,DP05_0015MA,DP05_0016MA,DP05_0016EA,DP05_0017MA,DP05_0017EA,DP05_0018EA,DP05_0018MA,DP05_0019MA,DP05_0019EA,DP05_0020EA,DP05_0020MA,DP05_0021MA,DP05_0021EA,DP05_0022EA,DP05_0022MA,DP05_0023MA,DP05_0023EA,DP05_0024EA,DP05_0024MA,DP05_0025EA,DP05_0025MA,DP05_0026MA,DP05_0026EA,DP05_0027MA,DP05_0027EA,DP05_0028MA,DP05_0028EA,DP05_0029MA,DP05_0029EA,DP05_0030MA,DP05_0030EA,DP05_0031EA,DP05_0031MA,DP05_0032MA,DP05_0032EA,DP05_0033EA,DP05_0033MA,DP05_0034MA,DP05_0034EA,DP05_0035MA,DP05_0035EA,DP05_0036EA,DP05_0036MA,DP05_0037MA,DP05_0037EA,DP05_0038MA,DP05_0038EA,DP05_0039MA,DP05_0039EA,DP05_0040EA,DP05_0040MA,DP05_0041MA,DP05_0041EA,DP05_0042EA,DP05_0042MA,DP05_0043EA,DP05_0043MA,DP05_0044MA,DP05_0044EA,DP05_0045EA,DP05_0045MA,DP05_0046MA,DP05_0046EA,DP05_0047EA,DP05_0047MA,DP05_0048EA,DP05_0048MA,DP05_0049MA,DP05_0049EA,DP05_0050EA,DP05_0050MA,DP05_0051EA,DP05_0051MA,DP05_0052MA,DP05_0052EA,DP05_0053EA,DP05_0053MA,DP05_0054MA,DP05_0054EA,DP05_0055EA,DP05_0055MA,DP05_0056MA,DP05_0056EA,DP05_0057EA,DP05_0057MA,DP05_0058EA,DP05_0058MA,DP05_0059MA,DP05_0059EA,DP05_0060MA,DP05_0060EA,DP05_0061EA,DP05_0061MA,DP05_0062EA,DP05_0062MA,DP05_0063EA,DP05_0063MA,DP05_0064MA,DP05_0064EA,DP05_0065MA,DP05_0065EA,DP05_0066MA,DP05_0066EA,DP05_0067EA,DP05_0067MA,DP05_0068MA,DP05_0068EA,DP05_0069EA,DP05_0069MA,DP05_0070MA,DP05_0070EA,DP05_0071MA,DP05_0071EA,DP05_0072MA,DP05_0072EA,DP05_0073MA,DP05_0073EA,DP05_0074MA,DP05_0074EA,DP05_0075EA,DP05_0075MA,DP05_0076EA,DP05_0076MA,DP05_0077MA,DP05_0077EA,DP05_0078MA,DP05_0078EA,DP05_0079MA,DP05_0079EA,DP05_0080EA,DP05_0080MA,DP05_0081EA,DP05_0081MA,state
0400000US01,4599030,0,2230594,3956,2368436,3956,293727,2767,305444,6855,317043,6740,340200,4486,319738,4253,582456,5215,649714,4268,662648,4059,288993,5484,228696,5792,325859,2454,210461,4388,74051,3733,37.2,0.3,3483362,1474,3267376,6652,747781,4789,610371,2183,3483362,1474,1656167,2265,1827195,2144,610371,2183,249482,1659,360889,1282,4551987,4036,47043,4036,4599030,0,4551987,4036,3237958,4503,1209321,4826,20592,2441,9156,1551,229,214,0,265,153,133,45882,3284,10184,2212,8876,2580,2682,827,3835,1659,6402,1502,8761,2424,5142,1919,3244,1920,-999999999,0,-999999999,0,-999999999,0,-999999999,0,34990,4307,47043,4036,9606,1669,20403,1973,6093,1676,1850,765,4599030,0,3281040,4966,1224105,4285,45164,2235,54032,3239,5380,2178,39427,4432,4599030,0,111432,1722,71146,3969,8629,1755,5312,2357,26345,3742,4487598,1722,3171700,1221,1204136,4373,19524,2400,45539,3286,1416,1212,2828,1146,42455,3709,1411,665,41044,3625,2110139,230,Alabama,null,*****,null,null,null,null,null,null,null,null,null,null,null,null,null,null,null,null,null,null,null,null,null,null,null,null,null,null,null,null,null,null,null,null,null,null,null,null,null,null,null,null,null,null,null,null,null,null,null,null,null,null,null,null,null,null,null,null,*****,null,null,null,null,null,null,null,null,null,null,null,null,null,null,null,null,null,null,null,null,null,null,null,null,null,null,null,null,null,null,null,null,null,null,null,N,N,N,N,N,N,N,N,null,null,null,null,null,null,null,null,null,null,null,null,null,*****,null,null,null,null,null,null,null,null,null,null,null,null,*****,null,null,null,null,null,null,null,null,null,null,null,null,null,null,null,null,null,null,null,null,null,null,null,null,null,null,null,null,null,null,null,null,null,01
0400000US02,670053,0,344757,1779,325296,1779,47481,1070,49376,3046,48818,2487,58275,2048,50473,1966,93996,2261,100530,1850,109113,2132,40179,2022,27777,2037,26117,854,13985,989,3933,795,33.5,0.3,490366,671,456361,2206,58548,1778,44035,987,490366,671,252527,1244,237839,1053,44035,987,20114,623,23921,831,615544,4888,54509,4888,670053,0,615544,4888,460170,2621,21476,2347,88026,2936,765,409,121,134,417,283,607,574,30151,1962,689,454,2447,899,16885,2111,1267,629,3211,1077,1537,948,4115,1723,3753,753,1081,618,326,425,1137,765,1209,728,11968,2391,54509,4888,7057,2052,30977,3300,6374,1599,691,452,670053,0,510393,4344,31395,1509,123239,2116,40837,1386,6585,1575,15381,2539,670053,0,37498,854,21987,3143,2495,989,510,702,12506,2947,632555,854,443944,665,20419,1969,86688,2860,29622,1823,3526,722,616,511,47740,4253,656,562,47084,4268,276590,137,Alaska,null,*****,null,null,null,null,null,null,null,null,null,null,null,null,null,null,null,null,null,null,null,null,null,null,null,null,null,null,null,null,null,null,null,null,null,null,null,null,null,null,null,null,null,null,null,null,null,null,null,null,null,null,null,null,null,null,null,null,*****,null,null,null,null,null,null,null,null,null,null,null,null,null,null,null,null,null,null,null,null,null,null,null,null,null,null,null,null,null,null,null,null,null,null,null,null,null,null,null,null,null,null,null,null,null,null,null,null,null,null,null,null,null,null,null,null,*****,null,null,null,null,null,null,null,null,null,null,null,null,*****,null,null,null,null,null,null,null,null,null,null,null,null,null,null,null,null,null,null,null,null,null,null,null,null,null,null,null,null,null,null,null,null,null,02
0400000US04,6166318,0,3085331,2212,3080987,2212,479145,1432,444018,7341,436903,7695,432759,3089,420118,4153,899531,3474,857846,2839,787098,2475,344409,5229,274740,5481,405034,1669,292120,4509,92597,4040,34.6,0.2,4539463,1277,4288341,5754,956133,5102,789751,1291,4539463,1277,2253492,1386,2285971,1428,789751,1291,351640,1042,438111,869,6016047,10832,150271,10832,6166318,0,6016047,10832,4741310,21386,207837,5456,277732,6563,4083,1194,1598,883,132992,5997,1239,599,144858,3149,28015,4791,32461,4394,23653,3709,10707,2220,10792,2124,26308,4164,12922,3482,10960,1605,2700,1078,3446,1542,1812,1092,3002,1529,633350,18921,150271,10832,20826,3475,34140,4565,23962,3359,3361,1195,6166318,0,4869574,21553,244336,3530,328340,6219,178062,3602,15849,2556,689732,20170,6166318,0,1803377,0,1601082,12247,31273,5013,9119,2474,161903,10536,4362941,0,3668571,2336,198854,4099,252214,4935,139386,2682,9326,1286,10410,2024,84180,7473,4573,1336,79607,7180,2605095,331,Arizona,null,*****,null,null,null,null,null,null,null,null,null,null,null,null,null,null,null,null,null,null,null,null,null,null,null,null,null,null,null,null,null,null,null,null,null,null,null,null,null,null,null,null,null,null,null,null,null,null,null,null,null,null,null,null,null,null,null,null,*****,null,null,null,null,null,null,null,null,null,null,null,null,null,null,null,null,null,null,null,null,null,null,null,null,null,null,null,null,null,null,null,null,null,null,null,null,null,null,null,null,null,null,null,null,null,null,null,null,null,null,null,null,null,null,null,null,*****,null,null,null,null,null,null,null,null,null,null,null,null,*****,null,*****,null,null,null,null,null,null,null,null,null,*****,null,null,null,null,null,null,null,null,null,null,null,null,null,null,null,null,null,null,null,null,null,04
0400000US05,2810872,0,1377539,3500,1433333,3500,194741,1982,194953,4527,184070,4597,199544,3863,190239,3773,366422,3625,384263,3562,390827,2945,175861,4127,141092,4305,203152,1378,135225,2962,50483,2900,37.1,0.2,2117836,1671,1997983,5538,473905,3894,388860,1797,2117836,1671,1021718,2372,1096118,2000,388860,1797,162448,1067,226412,1488,2767168,4292,43704,4292,2810872,0,2767168,4292,2208224,5887,437680,4670,22787,2426,10519,2041,0,257,229,300,310,309,28168,2264,5279,1923,4672,1103,3839,1547,793,628,3431,1543,2488,1375,7666,1629,2045,440,-999999999,0,-999999999,0,-999999999,0,-999999999,0,68264,5663,43704,4292,11801,2691,18371,2498,4138,1499,1559,921,2810872,0,2248859,6696,453438,3722,44374,2558,33322,2431,2700,602,74158,5790,2810872,0,138283,1791,104920,4148,2615,1120,650,347,30098,4125,2672589,1791,2145922,1207,435987,4599,21166,2161,28016,2252,1929,416,2325,1123,37244,3948,1060,625,36184,3821,1273433,225,Arkansas,null,*****,null,null,null,null,null,null,null,null,null,null,null,null,null,null,null,null,null,null,null,null,null,null,null,null,null,null,null,null,null,null,null,null,null,null,null,null,null,null,null,null,null,null,null,null,null,null,null,null,null,null,null,null,null,null,null,null,*****,null,null,null,null,null,null,null,null,null,null,null,null,null,null,null,null,null,null,null,null,null,null,null,null,null,null,null,null,null,null,null,null,null,null,null,N,N,N,N,N,N,N,N,null,null,null,null,null,null,null,null,null,null,null,null,null,*****,null,null,null,null,null,null,null,null,null,null,null,null,*****,null,null,null,null,null,null,null,null,null,null,null,null,null,null,null,null,null,null,null,null,null,null,null,null,null,null,null,null,null,null,null,null,null,05
0400000US06,36457549,0,18225275,5662,18232274,5662,2672666,2490,2514639,16013,2700465,16431,2738727,6907,2697878,5757,5232260,6684,5525036,5641,5017599,5050,1984803,15934,1445646,15471,2002937,3328,1400449,9915,524444,10464,34.4,0.2,26926503,2570,25264681,14434,4753428,12986,3927830,3373,26926503,2570,13343076,3677,13583427,3025,3927830,3373,1675795,2381,2252035,2180,35246104,26548,1211445,26548,36457549,0,35246104,26548,21810156,62036,2260648,14374,265963,10150,27870,3561,2574,903,11142,2616,5459,1533,4483252,16220,475118,18295,1165605,29388,1100767,30080,300355,12117,430913,18020,533893,22164,476601,19768,129483,4369,20349,2914,25365,3921,35911,5033,47858,4621,6296602,59882,1211445,26548,132538,8447,204541,9043,277271,10557,33479,4978,36457549,0,22826433,64332,2533729,9993,576854,14222,4896851,10454,198796,6266,6722255,61048,36457549,0,13074155,0,10841524,37370,160130,10979,85992,7874,1986509,35068,23383394,0,15600175,11660,2201043,11673,168486,6350,4424529,15210,120837,3384,150184,12651,718140,19834,53680,4520,664460,19442,13174781,423,California,null,*****,null,null,null,null,null,null,null,null,null,null,null,null,null,null,null,null,null,null,null,null,null,null,null,null,null,null,null,null,null,null,null,null,null,null,null,null,null,null,null,null,null,null,null,null,null,null,null,null,null,null,null,null,null,null,null,null,*****,null,null,null,null,null,null,null,null,null,null,null,null,null,null,null,null,null,null,null,null,null,null,null,null,null,null,null,null,null,null,null,null,null,null,null,null,null,null,null,null,null,null,null,null,null,null,null,null,null,null,null,null,null,null,null,null,*****,null,null,null,null,null,null,null,null,null,null,null,null,*****,null,*****,null,null,null,null,null,null,null,null,null,*****,null,null,null,null,null,null,null,null,null,null,null,null,null,null,null,null,null,null,null,null,null,06
0400000US08,4753377,0,2393355,2622,2360022,2622,338995,1529,322980,6240,313386,6519,321786,3214,337730,4063,711501,4539,720020,3536,720742,3534,283372,5203,205980,5074,256742,1995,161816,3433,58327,3153,35.4,0.2,3583734,1698,3387055,5953,596932,4397,476885,1893,3583734,1698,1795356,2002,1788378,1835,476885,1893,207148,1283,269737,1355,4628300,7048,125077,7048,4753377,0,4628300,7048,3934971,14748,177902,4693,41161,3427,3655,982,668,384,7396,1967,3359,1137,133079,3599,15144,3308,28753,4693,12537,2672,13166,2726,25722,3776,19646,3529,18111,3306,3745,557,1237,641,1067,464,594,404,847,486,337442,13603,125077,7048,24037,3786,31810,3364,20893,2466,2516,920,4753377,0,4046320,14196,214448,2587,84458,4685,160566,3998,8001,1505,374352,14329,4753377,0,934410,0,671341,11047,18148,3188,4917,1687,240004,10520,3818967,0,3400011,2328,170995,4351,29223,2538,127082,2659,3700,548,9937,2268,78019,5318,3872,1084,74147,5418,2095235,200,Colorado,null,*****,null,null,null,null,null,null,null,null,null,null,null,null,null,null,null,null,null,null,null,null,null,null,null,null,null,null,null,null,null,null,null,null,null,null,null,null,null,null,null,null,null,null,null,null,null,null,null,null,null,null,null,null,null,null,null,null,*****,null,null,null,null,null,null,null,null,null,null,null,null,null,null,null,null,null,null,null,null,null,null,null,null,null,null,null,null,null,null,null,null,null,null,null,null,null,null,null,null,null,null,null,null,null,null,null,null,null,null,null,null,null,null,null,null,*****,null,null,null,null,null,null,null,null,null,null,null,null,*****,null,*****,null,null,null,null,null,null,null,null,null,*****,null,null,null,null,null,null,null,null,null,null,null,null,null,null,null,null,null,null,null,null,null,08
0400000US09,3504809,0,1705842,1761,1798967,1761,202071,762,224594,4883,239033,4854,250119,1511,221481,2231,407930,2537,545542,2143,551480,1895,222654,4762,169440,4630,225872,1329,169048,3050,75545,3024,39.1,0.2,2686943,672,2541649,3378,568809,3911,470465,1346,2686943,672,1287318,1285,1399625,1189,470465,1346,193569,789,276896,1065,3441621,5676,63188,5676,3504809,0,3441621,5676,2800344,9041,332711,4745,7319,1417,-999999999,0,-999999999,0,-999999999,0,-999999999,0,117054,2323,40394,4580,26493,3622,12352,2654,3623,1124,11310,2668,8324,2237,14558,3321,1005,570,-999999999,0,-999999999,0,-999999999,0,-999999999,0,183188,9941,63188,5676,16315,3089,9475,1282,8724,1680,3576,1384,3504809,0,2851404,10070,363040,4361,24478,2253,129057,993,1824,831,202621,9397,3504809,0,391935,0,37155,5489,221658,7172,7159,1862,125963,8282,3112874,0,2610863,3558,321569,3683,6493,1177,116322,2229,914,541,13958,4089,42755,3915,3834,1673,38921,3458,1432250,206,Connecticut,null,*****,null,null,null,null,null,null,null,null,null,null,null,null,null,null,null,null,null,null,null,null,null,null,null,null,null,null,null,null,null,null,null,null,null,null,null,null,null,null,null,null,null,null,null,null,null,null,null,null,null,null,null,null,null,null,null,null,*****,null,null,null,null,null,null,null,null,null,N,N,N,N,N,N,N,N,null,null,null,null,null,null,null,null,null,null,null,null,null,null,null,null,null,null,N,N,N,N,N,N,N,N,null,null,null,null,null,null,null,null,null,null,null,null,null,*****,null,null,null,null,null,null,null,null,null,null,null,null,*****,null,*****,null,null,null,null,null,null,null,null,null,*****,null,null,null,null,null,null,null,null,null,null,null,null,null,null,null,null,null,null,null,null,null,09
0400000US10,853476,0,413560,1013,439916,1013,57091,442,56193,2928,54623,2923,61370,1158,57887,1212,109687,1513,125406,1702,122004,1257,50525,2342,44136,2286,60623,854,39772,1499,14159,1416,37.5,0.3,649740,651,609933,2108,141905,2142,114554,674,649740,651,309501,587,340239,524,114554,674,48652,413,65902,534,841186,2043,12290,2043,853476,0,841186,2043,615638,3832,176845,1971,2581,650,-999999999,0,-999999999,0,-999999999,0,-999999999,0,24413,1224,11424,2411,5067,1533,2878,1133,949,527,1797,837,1314,820,984,547,154,182,-999999999,0,-999999999,0,-999999999,0,-999999999,0,21555,3839,12290,2043,4926,1335,1570,634,1904,825,1078,771,853476,0,626017,4299,184154,1448,6167,927,26988,866,468,316,23086,3890,853476,0,53836,0,24631,3649,14715,2548,890,621,13600,2967,799640,0,586778,1087,173855,1620,2519,631,23678,938,154,182,2092,1159,10564,1954,597,517,9967,1847,382866,67,Delaware,null,*****,null,null,null,null,null,null,null,null,null,null,null,null,null,null,null,null,null,null,null,null,null,null,null,null,null,null,null,null,null,null,null,null,null,null,null,null,null,null,null,null,null,null,null,null,null,null,null,null,null,null,null,null,null,null,null,null,*****,null,null,null,null,null,null,null,null,null,N,N,N,N,N,N,N,N,null,null,null,null,null,null,null,null,null,null,null,null,null,null,null,null,null,null,N,N,N,N,N,N,N,N,null,null,null,null,null,null,null,null,null,null,null,null,null,*****,null,null,null,null,null,null,null,null,null,null,null,null,*****,null,*****,null,null,null,null,null,null,null,null,null,*****,null,null,null,null,null,null,null,null,null,null,null,null,null,null,null,null,null,null,null,null,null,10
0400000US11,581530,0,272604,785,308926,785,34980,609,29331,2434,31081,2489,39235,1652,51273,1638,104518,587,84648,736,75160,798,33636,1715,26213,1749,36338,727,26199,1490,8918,1331,35.0,0.1,466700,221,437079,1760,86712,1504,71455,454,466700,221,214562,475,252138,419,71455,454,27506,256,43949,384,572560,2349,8970,2349,581530,0,572560,2349,200395,3340,322105,2958,1903,430,-999999999,0,-999999999,0,-999999999,0,-999999999,0,19827,454,5430,1565,5261,1573,2652,1152,382,324,1327,584,2083,1219,2692,1353,203,206,-999999999,0,-999999999,0,-999999999,0,-999999999,0,28127,3566,8970,2349,3283,1517,518,302,640,422,1323,811,581530,0,206359,3812,329452,2012,4686,1499,20962,440,350,314,29789,3597,581530,0,47775,0,6127,2823,2744,1064,2346,1272,36558,3240,533755,0,183519,532,319076,2464,1563,311,19637,415,203,206,1969,1031,7788,2291,672,566,7116,2199,282900,49,District of Columbia,null,*****,null,null,null,null,null,null,null,null,null,null,null,null,null,null,null,null,null,null,null,null,null,null,null,null,null,null,null,null,null,null,null,null,null,null,null,null,null,null,null,null,null,null,null,null,null,null,null,null,null,null,null,null,null,null,null,null,*****,null,null,null,null,null,null,null,null,null,N,N,N,N,N,N,N,N,null,null,null,null,null,null,null,null,null,null,null,null,null,null,null,null,null,null,N,N,N,N,N,N,N,N,null,null,null,null,null,null,null,null,null,null,null,null,null,*****,null,null,null,null,null,null,null,null,null,null,null,null,*****,null,*****,null,null,null,null,null,null,null,null,null,*****,null,null,null,null,null,null,null,null,null,null,null,null,null,null,null,null,null,null,null,null,null,11
0400000US12,18089889,0,8878166,6724,9211723,6724,1117630,2859,1055789,12650,1127349,13736,1174594,5901,1154089,6869,2247135,8116,2602876,6711,2534472,5466,1107702,13407,934136,12947,1452008,3505,1171721,10211,410388,10140,39.8,0.1,14071245,2191,13379437,10744,3591104,11790,3034117,3207,14071245,2191,6819812,5207,7251433,4669,3034117,3207,1316672,2370,1717445,2169,17773002,13354,316887,13353,18089889,0,17773002,13354,13767248,25188,2778549,13414,54150,4931,12238,2598,2072,959,375,463,1506,819,393427,4935,117195,9239,65743,5384,74826,5957,13391,2361,24980,2791,54204,6219,43088,5611,9125,2086,2378,924,4239,1758,618,547,1890,780,770503,24337,316887,13353,75359,6941,52834,4710,43638,4127,11006,2987,18089889,0,14037213,25767,2903860,11761,126809,6495,460641,4712,16251,2498,877172,24858,18089889,0,3642989,1791,563110,19157,682432,18561,1054371,23869,1343076,25355,14446900,1791,11040168,8986,2700306,9731,46767,4262,385579,4605,7127,1632,63736,8463,203217,10578,21773,4192,181444,9663,8531860,826,Florida,null,*****,null,null,null,null,null,null,null,null,null,null,null,null,null,null,null,null,null,null,null,null,null,null,null,null,null,null,null,null,null,null,null,null,null,null,null,null,null,null,null,null,null,null,null,null,null,null,null,null,null,null,null,null,null,null,null,null,*****,null,null,null,null,null,null,null,null,null,null,null,null,null,null,null,null,null,null,null,null,null,null,null,null,null,null,null,null,null,null,null,null,null,null,null,null,null,null,null,null,null,null,null,null,null,null,null,null,null,null,null,null,null,null,null,null,*****,null,null,null,null,null,null,null,null,null,null,null,null,*****,null,null,null,null,null,null,null,null,null,null,null,null,null,null,null,null,null,null,null,null,null,null,null,null,null,null,null,null,null,null,null,null,null,12
0400000US13,9363941,0,4613727,5818,4750214,5818,698935,2726,671546,9802,668385,9138,705103,7440,651722,6830,1338667,9916,1472645,7409,1316787,5915,538098,9284,395174,9158,505861,3785,294712,4413,106306,3903,34.6,0.1,6911716,2678,6473129,9741,1138644,7745,906879,3034,6911716,2678,3359085,3573,3552631,2842,906879,3034,370310,2111,536569,2243,9246046,9171,117895,9171,9363941,0,9246046,9171,5816513,13245,2794300,9565,19771,2971,7262,1498,583,505,485,389,507,426,254899,4190,74525,6799,37017,5261,14562,2435,6774,1638,45846,5505,44830,6073,31345,4516,4229,1977,1542,1183,1667,1201,494,533,526,517,356334,13864,117895,9171,33489,4280,21416,2410,17948,2951,7165,1978,9363941,0,5911909,16090,2850748,6983,52953,4425,282219,4021,8951,2886,382453,13699,9363941,0,696146,2291,455008,12982,51349,6834,18448,3069,171341,11430,8667795,2291,5501019,3920,2774395,8618,16687,2484,253808,4179,3736,1843,24726,4408,93424,7159,4901,1492,88523,7170,3873405,291,Georgia,null,*****,null,null,null,null,null,null,null,null,null,null,null,null,null,null,null,null,null,null,null,null,null,null,null,null,null,null,null,null,null,null,null,null,null,null,null,null,null,null,null,null,null,null,null,null,null,null,null,null,null,null,null,null,null,null,null,null,*****,null,null,null,null,null,null,null,null,null,null,null,null,null,null,null,null,null,null,null,null,null,null,null,null,null,null,null,null,null,null,null,null,null,null,null,null,null,null,null,null,null,null,null,null,null,null,null,null,null,null,null,null,null,null,null,null,*****,null,null,null,null,null,null,null,null,null,null,null,null,*****,null,null,null,null,null,null,null,null,null,null,null,null,null,null,null,null,null,null,null,null,null,null,null,null,null,null,null,null,null,null,null,null,null,13
0400000US15,1285498,0,643073,1564,642425,1564,87179,360,76819,2996,81973,2988,84438,1379,92070,1794,175629,1450,181026,1815,183025,1407,79446,2892,64881,3111,84757,584,69131,2002,25124,2020,37.2,0.2,988265,687,935522,2702,217007,2253,179012,810,988265,687,489697,881,498568,722,179012,810,77289,470,101723,643,1008718,11664,276780,11664,1285498,0,1008718,11664,337507,2426,28062,2260,4153,950,-999999999,0,-999999999,0,-999999999,0,-999999999,0,512995,10350,1722,807,56288,5299,182767,12956,194208,8525,20823,3263,9564,2990,47623,4651,111488,4031,79515,5051,2599,942,9233,3284,20141,4262,14513,2251,276780,11664,4261,1703,7314,1167,58520,5402,1123,772,1285498,0,528836,10314,42297,2490,30080,4027,725436,3993,301783,10364,29129,3356,1285498,0,99664,0,24385,2888,37862,3980,771,445,36646,3342,1185834,0,315822,649,26815,2051,3117,879,501454,9914,105515,4111,1396,694,231715,11202,1441,714,230274,11222,500021,80,Hawaii,null,*****,null,null,null,null,null,null,null,null,null,null,null,null,null,null,null,null,null,null,null,null,null,null,null,null,null,null,null,null,null,null,null,null,null,null,null,null,null,null,null,null,null,null,null,null,null,null,null,null,null,null,null,null,null,null,null,null,*****,null,null,null,null,null,null,null,null,null,N,N,N,N,N,N,N,N,null,null,null,null,null,null,null,null,null,null,null,null,null,null,null,null,null,null,null,null,null,null,null,null,null,null,null,null,null,null,null,null,null,null,null,null,null,null,null,*****,null,null,null,null,null,null,null,null,null,null,null,null,*****,null,*****,null,null,null,null,null,null,null,null,null,*****,null,null,null,null,null,null,null,null,null,null,null,null,null,null,null,null,null,null,null,null,null,15
0400000US16,1466465,0,735971,2002,730494,2002,112366,1199,107521,3811,106092,3801,113330,2201,107953,2359,199904,2733,192227,2560,204603,2191,86324,3047,66754,2964,89464,1145,56280,1691,23647,1547,34.3,0.2,1072150,1157,1005047,2931,206946,2795,169391,1295,1072150,1157,535202,1409,536948,1392,169391,1295,76387,669,93004,1070,1435012,2359,31453,2359,1466465,0,1435012,2359,1357129,5032,6842,1148,16250,2087,1972,658,361,337,584,346,274,291,15335,1451,1269,622,4281,1338,2077,881,2560,895,1129,526,1671,742,2348,1094,2021,851,585,334,200,310,68,50,1168,702,37435,4674,31453,2359,3505,929,14900,1849,5290,1073,641,408,1466465,0,1386242,5446,11795,1469,33480,2346,22114,1469,3651,1094,42019,4990,1466465,0,138871,0,120107,3023,1607,813,1011,525,16146,2828,1327594,0,1265241,450,6105,1008,13708,1678,14884,1361,2021,851,666,361,24969,1769,611,361,24358,1750,615703,158,Idaho,null,*****,null,null,null,null,null,null,null,null,null,null,null,null,null,null,null,null,null,null,null,null,null,null,null,null,null,null,null,null,null,null,null,null,null,null,null,null,null,null,null,null,null,null,null,null,null,null,null,null,null,null,null,null,null,null,null,null,*****,null,null,null,null,null,null,null,null,null,null,null,null,null,null,null,null,null,null,null,null,null,null,null,null,null,null,null,null,null,null,null,null,null,null,null,null,null,null,null,null,null,null,null,null,null,null,null,null,null,null,null,null,null,null,null,null,*****,null,null,null,null,null,null,null,null,null,null,null,null,*****,null,*****,null,null,null,null,null,null,null,null,null,*****,null,null,null,null,null,null,null,null,null,null,null,null,null,null,null,null,null,null,null,null,null,16
0400000US17,12831970,0,6315239,2761,6516731,2761,889338,1830,874663,9914,898758,9466,937844,4210,905237,4859,1771816,4860,1877625,3854,1846038,3783,755588,6971,542690,6615,770024,2079,539564,5660,222785,5226,35.7,0.1,9615583,2206,9038491,8219,1856674,7017,1532373,2250,9615583,2206,4669678,2974,4945905,2571,1532373,2250,629256,1393,903117,1633,12632113,10350,199857,10350,12831970,0,12632113,10350,9074653,23238,1898346,7410,23310,2736,4014,1001,329,267,213,170,726,314,536992,4263,166870,10610,104266,7976,114266,8827,20602,3479,58026,5091,24365,4642,48597,6862,3201,1013,493,370,1027,621,428,501,1253,827,1095611,22125,199857,10350,45541,5121,31073,2664,36179,3862,7445,2237,12831970,0,9245691,23629,1970626,6262,71554,4441,583538,3386,6694,1409,1162393,23094,12831970,0,1888439,1882,1486386,18697,169955,12501,19515,4217,212583,13472,10943531,1882,8357564,3315,1879591,6660,15407,1755,531905,4050,2826,959,25055,3835,131183,7210,10592,3139,120591,6815,5199743,471,Illinois,null,*****,null,null,null,null,null,null,null,null,null,null,null,null,null,null,null,null,null,null,null,null,null,null,null,null,null,null,null,null,null,null,null,null,null,null,null,null,null,null,null,null,null,null,null,null,null,null,null,null,null,null,null,null,null,null,null,null,*****,null,null,null,null,null,null,null,null,null,null,null,null,null,null,null,null,null,null,null,null,null,null,null,null,null,null,null,null,null,null,null,null,null,null,null,null,null,null,null,null,null,null,null,null,null,null,null,null,null,null,null,null,null,null,null,null,*****,null,null,null,null,null,null,null,null,null,null,null,null,*****,null,null,null,null,null,null,null,null,null,null,null,null,null,null,null,null,null,null,null,null,null,null,null,null,null,null,null,null,null,null,null,null,null,17
0400000US18,6313520,0,3104461,3835,3209059,3835,433580,2459,428767,7056,440378,6857,460297,4373,439744,4636,835547,4929,896489,3850,926792,3598,386236,7010,284698,6627,397244,1605,275549,3983,108199,3763,36.3,0.2,4733923,2276,4451442,6226,953477,6458,780992,1908,4733923,2276,2297439,2901,2436484,3024,780992,1908,322019,1109,458973,1587,6224284,5312,89236,5312,6313520,0,6224284,5312,5427561,9032,551864,5164,10964,1790,3087,956,237,189,0,263,185,167,81054,2794,16204,2554,23020,3334,9296,1886,5284,1490,8351,1656,7210,2221,11689,2638,1278,666,171,167,938,687,51,86,118,116,151563,8753,89236,5312,32277,3926,25413,2588,10499,2347,1915,841,6313520,0,5510059,10020,593293,2971,42899,3392,93568,2369,2910,1004,164947,8517,6313520,0,299398,2090,228457,6053,23907,4160,1899,912,45135,5329,6014122,2090,5291080,3116,549805,5038,9315,1601,79842,2613,880,411,8748,2129,74452,4838,2406,1110,72046,4941,2756583,250,Indiana,null,*****,null,null,null,null,null,null,null,null,null,null,null,null,null,null,null,null,null,null,null,null,null,null,null,null,null,null,null,null,null,null,null,null,null,null,null,null,null,null,null,null,null,null,null,null,null,null,null,null,null,null,null,null,null,null,null,null,*****,null,null,null,null,null,null,null,null,null,null,null,null,null,null,null,null,null,null,null,null,null,null,null,null,null,null,null,null,null,null,null,null,null,null,null,null,null,null,null,null,null,null,null,null,null,null,null,null,null,null,null,null,null,null,null,null,*****,null,null,null,null,null,null,null,null,null,null,null,null,*****,null,null,null,null,null,null,null,null,null,null,null,null,null,null,null,null,null,null,null,null,null,null,null,null,null,null,null,null,null,null,null,null,null,18
0400000US19,2982085,0,1470463,2376,1511622,2376,191127,1529,192953,3996,200655,4217,223672,3253,221652,3303,352832,2889,401183,2232,441849,2386,182018,3381,138771,3369,205409,1246,161333,2635,68631,2547,37.8,0.2,2267565,2010,2125545,4155,517889,3168,435373,1404,2267565,2010,1103992,1820,1163573,1871,435373,1404,179773,836,255600,1173,2940878,3522,41207,3522,2982085,0,2940878,3522,2772535,4142,67297,3046,8424,1586,772,443,351,241,0,221,641,323,45647,2361,8695,1908,8093,2000,4638,1651,1897,1014,5105,1341,8274,1882,8945,1908,370,304,-999999999,0,-999999999,0,-999999999,0,-999999999,0,46605,4351,41207,3522,15311,2540,10872,1804,4932,1110,994,525,2982085,0,2811232,4931,85587,2380,21731,2547,51992,2107,1349,765,53115,4432,2982085,0,112987,1473,89751,2987,2836,984,1197,652,19203,2701,2869098,1473,2714414,1251,66052,2846,6416,1323,45062,2391,352,298,2217,1023,34585,2937,1565,744,33020,2881,1319980,618,Iowa,null,*****,null,null,null,null,null,null,null,null,null,null,null,null,null,null,null,null,null,null,null,null,null,null,null,null,null,null,null,null,null,null,null,null,null,null,null,null,null,null,null,null,null,null,null,null,null,null,null,null,null,null,null,null,null,null,null,null,*****,null,null,null,null,null,null,null,null,null,null,null,null,null,null,null,null,null,null,null,null,null,null,null,null,null,null,null,null,null,null,null,null,null,null,null,N,N,N,N,N,N,N,N,null,null,null,null,null,null,null,null,null,null,null,null,null,*****,null,null,null,null,null,null,null,null,null,null,null,null,*****,null,null,null,null,null,null,null,null,null,null,null,null,null,null,null,null,null,null,null,null,null,null,null,null,null,null,null,null,null,null,null,null,null,19
0400000US20,2764075,0,1371613,2644,1392462,2644,194702,1606,189279,3408,189718,3864,206460,3887,212731,3794,344006,3285,385320,2845,401047,2846,164230,4208,120918,4000,170065,1657,128393,2833,57206,2198,36.3,0.2,2069408,1640,1944713,4523,426759,3599,355664,1760,2069408,1640,1014130,2177,1055278,1929,355664,1760,148713,1150,206951,1321,2693950,4491,70125,4491,2764075,0,2693950,4491,2361047,6941,153560,2984,23749,2218,6308,1291,431,296,898,804,508,325,60646,1976,15295,2842,9646,1943,3743,1000,1352,790,5068,1426,12525,2172,13017,2815,1145,923,-999999999,0,-999999999,0,-999999999,0,-999999999,0,93803,6387,70125,4491,18422,2670,22128,1648,8090,1454,2417,1086,2764075,0,2424888,6900,179763,1882,51653,2735,70708,1915,1865,1211,109158,7167,2764075,0,236351,776,193309,4570,6241,1633,785,380,36016,4795,2527724,776,2237607,1552,151951,2867,21084,2001,60313,1887,1145,923,1983,892,53641,3651,2401,1242,51240,3442,1207391,495,Kansas,null,*****,null,null,null,null,null,null,null,null,null,null,null,null,null,null,null,null,null,null,null,null,null,null,null,null,null,null,null,null,null,null,null,null,null,null,null,null,null,null,null,null,null,null,null,null,null,null,null,null,null,null,null,null,null,null,null,null,*****,null,null,null,null,null,null,null,null,null,null,null,null,null,null,null,null,null,null,null,null,null,null,null,null,null,null,null,null,null,null,null,null,null,null,null,N,N,N,N,N,N,N,N,null,null,null,null,null,null,null,null,null,null,null,null,null,*****,null,null,null,null,null,null,null,null,null,null,null,null,*****,null,null,null,null,null,null,null,null,null,null,null,null,null,null,null,null,null,null,null,null,null,null,null,null,null,null,null,null,null,null,null,null,null,20
0400000US21,4206074,0,2058789,3532,2147285,3532,276964,1982,269020,5227,278788,5256,291606,4491,276924,4860,572828,3906,612669,3560,618932,2835,267365,5257,205675,4794,285566,1770,183197,3154,66540,3279,37.3,0.1,3205733,2328,3027519,6151,655856,4906,535303,2053,3205733,2328,1547087,2541,1658646,2433,535303,2053,221380,1136,313923,1679,4156701,5034,49373,5034,4206074,0,4156701,5034,3762571,4258,310146,4420,9335,1559,4318,1185,245,208,363,343,134,164,38835,2246,10912,2090,7306,2120,3843,1387,5040,1425,3056,1192,5394,1779,3284,1341,3202,1204,846,494,1740,983,0,267,616,447,32612,4086,49373,5034,18762,2840,13359,2290,5878,1139,1816,982,4206074,0,3807769,5426,334466,3975,26477,3280,46219,2556,4955,1474,37977,4206,4206074,0,83015,2696,55761,4378,6785,1585,6421,1788,14048,2512,4123059,2696,3715900,1757,308255,4360,8958,1526,38632,2258,2735,1146,4606,1378,43973,4645,760,453,43213,4569,1888336,322,Kentucky,null,*****,null,null,null,null,null,null,null,null,null,null,null,null,null,null,null,null,null,null,null,null,null,null,null,null,null,null,null,null,null,null,null,null,null,null,null,null,null,null,null,null,null,null,null,null,null,null,null,null,null,null,null,null,null,null,null,null,*****,null,null,null,null,null,null,null,null,null,null,null,null,null,null,null,null,null,null,null,null,null,null,null,null,null,null,null,null,null,null,null,null,null,null,null,null,null,null,null,null,null,null,null,null,null,null,null,null,null,null,null,null,null,null,null,null,*****,null,null,null,null,null,null,null,null,null,null,null,null,*****,null,null,null,null,null,null,null,null,null,null,null,null,null,null,null,null,null,null,null,null,null,null,null,null,null,null,null,null,null,null,null,null,null,21
0400000US22,4287768,0,2078914,4640,2208854,4640,301198,3386,294827,6994,305073,7342,332146,5534,320006,4873,554300,6636,584189,4500,616359,3588,257381,5485,199415,5775,278591,2321,181851,3544,62432,3149,35.6,0.2,3198771,1997,2987260,6449,638364,4401,522874,2307,3198771,1997,1528409,2200,1670362,2116,522874,2307,215369,1706,307505,1494,4246242,4168,41526,4168,4287768,0,4246242,4168,2760233,4740,1356981,4406,24018,2173,3147,1166,154,183,121,129,716,455,57084,1999,8069,2330,9438,2397,3599,1174,2076,975,1785,695,24887,3619,7230,2093,715,500,-999999999,0,-999999999,0,-999999999,0,-999999999,0,47211,5166,41526,4168,10745,2413,12639,1999,6104,1869,2779,965,4287768,0,2797107,6324,1373845,3383,41093,2345,64820,1719,1341,760,53487,5294,4287768,0,123281,1821,50280,3905,8165,1645,8808,2297,56028,3689,4164487,1821,2689206,1773,1351044,4338,23139,1980,56414,1947,715,500,8102,2402,35867,3703,1748,947,34119,3673,1829933,236,Louisiana,null,*****,null,null,null,null,null,null,null,null,null,null,null,null,null,null,null,null,null,null,null,null,null,null,null,null,null,null,null,null,null,null,null,null,null,null,null,null,null,null,null,null,null,null,null,null,null,null,null,null,null,null,null,null,null,null,null,null,*****,null,null,null,null,null,null,null,null,null,null,null,null,null,null,null,null,null,null,null,null,null,null,null,null,null,null,null,null,null,null,null,null,null,null,null,N,N,N,N,N,N,N,N,null,null,null,null,null,null,null,null,null,null,null,null,null,*****,null,null,null,null,null,null,null,null,null,null,null,null,*****,null,null,null,null,null,null,null,null,null,null,null,null,null,null,null,null,null,null,null,null,null,null,null,null,null,null,null,null,null,null,null,null,null,22
0400000US23,1321574,0,645154,1259,676420,1259,70227,614,72033,2716,83029,2592,90969,1453,81988,1313,151992,1239,194089,897,217754,1193,97224,2362,69835,2339,98317,431,68040,1815,26077,1782,41.0,0.2,1039702,1332,986221,2756,235904,2383,192434,521,1039702,1332,501131,1278,538571,1109,192434,521,82200,383,110234,392,1302796,2275,18778,2275,1321574,0,1302796,2275,1265541,3360,13669,2692,7013,869,-999999999,0,-999999999,0,-999999999,0,-999999999,0,12004,986,1805,1008,2764,1009,1990,1068,714,462,1843,673,1369,738,1519,841,406,448,-999999999,0,-999999999,0,-999999999,0,-999999999,0,4163,1239,18778,2275,2089,648,11782,2188,2220,617,82,78,1321574,0,1284061,2888,16769,2571,19257,2207,15058,921,747,526,5519,1273,1321574,0,12622,558,3262,819,3913,1127,447,404,5000,1167,1308952,558,1259089,2930,13373,2698,6934,881,11926,986,406,448,262,257,16962,2045,243,237,16719,2049,691164,222,Maine,null,*****,null,null,null,null,null,null,null,null,null,null,null,null,null,null,null,null,null,null,null,null,null,null,null,null,null,null,null,null,null,null,null,null,null,null,null,null,null,null,null,null,null,null,null,null,null,null,null,null,null,null,null,null,null,null,null,null,*****,null,null,null,null,null,null,null,null,null,N,N,N,N,N,N,N,N,null,null,null,null,null,null,null,null,null,null,null,null,null,null,null,null,null,null,N,N,N,N,N,N,N,N,null,null,null,null,null,null,null,null,null,null,null,null,null,*****,null,null,null,null,null,null,null,null,null,null,null,null,*****,null,null,null,null,null,null,null,null,null,null,null,null,null,null,null,null,null,null,null,null,null,null,null,null,null,null,null,null,null,null,null,null,null,23
0400000US24,5615727,0,2715872,2526,2899855,2526,368501,1448,363536,7275,382153,6892,412727,3086,371298,3263,717878,4267,880892,3626,860739,3309,351248,5887,259423,5860,341696,1962,223325,3703,82311,3500,37.3,0.2,4253595,1352,4009376,5818,796711,5000,647332,1538,4253595,1352,2019951,1683,2233644,1334,647332,1538,269960,1185,377372,1081,5509533,6638,106194,6638,5615727,0,5509533,6638,3441497,11054,1624858,6558,12603,1722,2393,905,188,163,978,748,815,491,276362,3563,64142,6617,67351,6498,33812,3750,8876,2353,48516,4960,22736,4493,30929,4236,3511,1927,510,455,1910,1670,439,716,652,657,150702,10918,106194,6638,37871,4300,13792,1713,18201,2467,6395,1634,5615727,0,3529760,12834,1686915,4732,40562,3545,305024,3456,5206,2191,164434,11438,5615727,0,336390,1203,64374,6835,36592,4145,7862,1841,227562,7826,5279337,1203,3275198,1580,1611113,6066,10931,1431,274309,3312,2110,1182,13442,2311,92234,6193,4003,1453,88231,6308,2300749,433,Maryland,null,*****,null,null,null,null,null,null,null,null,null,null,null,null,null,null,null,null,null,null,null,null,null,null,null,null,null,null,null,null,null,null,null,null,null,null,null,null,null,null,null,null,null,null,null,null,null,null,null,null,null,null,null,null,null,null,null,null,*****,null,null,null,null,null,null,null,null,null,null,null,null,null,null,null,null,null,null,null,null,null,null,null,null,null,null,null,null,null,null,null,null,null,null,null,null,null,null,null,null,null,null,null,null,null,null,null,null,null,null,null,null,null,null,null,null,*****,null,null,null,null,null,null,null,null,null,null,null,null,*****,null,null,null,null,null,null,null,null,null,null,null,null,null,null,null,null,null,null,null,null,null,null,null,null,null,null,null,null,null,null,null,null,null,24
0400000US25,6437193,0,3116536,2762,3320657,2762,387619,1490,386105,6711,413693,7121,450242,2945,453973,3324,817050,3812,992955,2803,972639,2829,401584,6411,304447,6340,412051,1777,309373,4450,135462,4167,38.3,0.1,4988716,1195,4695722,5902,1032258,6129,856886,1651,4988716,1195,2376161,1574,2612555,1650,856886,1651,348729,1192,508157,1052,6327170,7015,110023,7015,6437193,0,6327170,7015,5329576,13209,393207,6423,15034,2111,-999999999,0,-999999999,0,-999999999,0,-999999999,0,310441,3490,61042,5515,114638,6413,10823,2026,8218,1458,21840,3995,47121,5041,46759,6281,3321,1912,324,242,2455,1846,0,277,542,511,275591,12148,110023,7015,39806,4457,14532,1761,19438,2583,4263,1307,6437193,0,5424863,12250,449027,6366,37412,2750,334954,2549,5221,2142,300455,12823,6437193,0,510482,314,35659,5296,226892,10420,8012,2062,239919,10174,5926711,314,5104271,7035,366585,4490,11959,1461,309451,3488,1884,930,53674,7233,78887,5530,8473,1852,70414,5230,2709208,185,Massachusetts,null,*****,null,null,null,null,null,null,null,null,null,null,null,null,null,null,null,null,null,null,null,null,null,null,null,null,null,null,null,null,null,null,null,null,null,null,null,null,null,null,null,null,null,null,null,null,null,null,null,null,null,null,null,null,null,null,null,null,*****,null,null,null,null,null,null,null,null,null,N,N,N,N,N,N,N,N,null,null,null,null,null,null,null,null,null,null,null,null,null,null,null,null,null,null,null,null,null,null,null,null,null,null,null,null,null,null,null,null,null,null,null,null,null,null,null,*****,null,null,null,null,null,null,null,null,null,null,null,null,*****,null,null,null,null,null,null,null,null,null,null,null,null,null,null,null,null,null,null,null,null,null,null,null,null,null,null,null,null,null,null,null,null,null,25
0400000US26,10095643,0,4968640,3109,5127003,3109,639239,1641,657808,8868,721956,9114,751512,3711,686462,3635,1261563,3984,1469671,3372,1536628,3794,644131,6937,466306,7263,640733,2277,446703,5701,172931,5537,37.3,0.2,7618222,1769,7171424,6813,1539667,6859,1260367,2229,7618222,1769,3699468,2744,3918754,2260,1260367,2229,530089,1337,730278,1508,9916699,7401,178944,7401,10095643,0,9916699,7401,8026545,7876,1426809,7412,50474,2801,3795,986,21169,1951,198,177,331,239,236972,3366,71757,5706,41810,3484,23718,3379,14711,2596,26291,4312,21854,3447,36831,4921,1423,767,-999999999,0,-999999999,0,-999999999,0,-999999999,0,174476,8664,178944,7401,49504,5110,53649,2967,25445,3023,11211,2454,10095643,0,8185309,9594,1503886,4191,126579,3846,267794,2171,3336,1200,199442,8962,10095643,0,392770,888,281856,6516,34284,4881,10197,2245,66433,6199,9702873,888,7836885,2651,1417505,7267,46259,2553,236565,3322,1237,712,14683,3786,149739,6462,3481,1317,146258,6434,4513502,618,Michigan,null,*****,null,null,null,null,null,null,null,null,null,null,null,null,null,null,null,null,null,null,null,null,null,null,null,null,null,null,null,null,null,null,null,null,null,null,null,null,null,null,null,null,null,null,null,null,null,null,null,null,null,null,null,null,null,null,null,null,*****,null,null,null,null,null,null,null,null,null,null,null,null,null,null,null,null,null,null,null,null,null,null,null,null,null,null,null,null,null,null,null,null,null,null,null,N,N,N,N,N,N,N,N,null,null,null,null,null,null,null,null,null,null,null,null,null,*****,null,null,null,null,null,null,null,null,null,null,null,null,*****,null,null,null,null,null,null,null,null,null,null,null,null,null,null,null,null,null,null,null,null,null,null,null,null,null,null,null,null,null,null,null,null,null,26
0400000US27,5167101,0,2567888,2854,2599213,2854,347404,1614,335072,6897,350245,6972,375523,2734,371409,2647,669506,2825,759760,2794,795187,2258,311085,4633,223805,4625,311051,1290,220590,3249,96464,3174,36.8,0.2,3909171,1187,3681909,5463,761025,3713,628105,1376,3909171,1187,1925099,1990,1984072,1970,628105,1376,267161,1075,360944,976,5082740,5366,84361,5366,5167101,0,5082740,5366,4538957,7496,228354,4484,51922,2598,834,542,31822,1838,167,131,4764,1197,179295,3237,28669,4192,20540,2827,7828,1711,2936,963,14450,2118,23563,3687,81309,5698,919,595,-999999999,0,-999999999,0,-999999999,0,-999999999,0,83293,7594,84361,5366,27802,3391,23293,2536,16068,2062,2070,1059,5167101,0,4617345,8871,264785,2502,81381,2380,198642,3227,1511,818,92616,7679,5167101,0,195138,1096,138368,6027,8813,2046,1902,670,46055,5301,4971963,1096,4435973,2616,224955,4234,49590,2403,178128,3079,839,579,8279,2912,74199,4882,2322,927,71877,4775,2282837,724,Minnesota,null,*****,null,null,null,null,null,null,null,null,null,null,null,null,null,null,null,null,null,null,null,null,null,null,null,null,null,null,null,null,null,null,null,null,null,null,null,null,null,null,null,null,null,null,null,null,null,null,null,null,null,null,null,null,null,null,null,null,*****,null,null,null,null,null,null,null,null,null,null,null,null,null,null,null,null,null,null,null,null,null,null,null,null,null,null,null,null,null,null,null,null,null,null,null,N,N,N,N,N,N,N,N,null,null,null,null,null,null,null,null,null,null,null,null,null,*****,null,null,null,null,null,null,null,null,null,null,null,null,*****,null,null,null,null,null,null,null,null,null,null,null,null,null,null,null,null,null,null,null,null,null,null,null,null,null,null,null,null,null,null,null,null,null,27
0400000US28,2910540,0,1412001,3868,1498539,3868,206089,2517,197451,5600,222284,5509,230035,5206,214999,5294,367274,5481,398694,4648,405857,3525,173101,4678,134063,4664,192151,2763,120948,3628,47594,3351,35.4,0.2,2151613,2154,2007939,5815,440845,4620,360693,2191,2151613,2154,1021971,2526,1129642,2081,360693,2191,146098,1732,214595,1427,2889611,3035,20929,3035,2910540,0,2889611,3035,1749296,2792,1087114,4842,12280,2005,-999999999,0,-999999999,0,-999999999,0,-999999999,0,22116,1921,5220,1678,4325,1123,3391,1104,1261,719,1218,679,4835,2333,1866,864,691,727,-999999999,0,-999999999,0,-999999999,0,-999999999,0,18114,2748,20929,3035,6275,1811,6063,1507,2166,1221,2229,1148,2910540,0,1766958,4152,1097272,3923,21243,2423,24425,1698,1519,921,20875,2931,2910540,0,46348,2092,30399,3091,2205,881,1182,632,12562,2103,2864192,2092,1724848,806,1085276,4935,11653,1889,22110,1920,230,254,1308,809,18767,2888,1105,609,17662,2785,1241439,154,Mississippi,null,*****,null,null,null,null,null,null,null,null,null,null,null,null,null,null,null,null,null,null,null,null,null,null,null,null,null,null,null,null,null,null,null,null,null,null,null,null,null,null,null,null,null,null,null,null,null,null,null,null,null,null,null,null,null,null,null,null,*****,null,null,null,null,null,null,null,null,null,N,N,N,N,N,N,N,N,null,null,null,null,null,null,null,null,null,null,null,null,null,null,null,null,null,null,N,N,N,N,N,N,N,N,null,null,null,null,null,null,null,null,null,null,null,null,null,*****,null,null,null,null,null,null,null,null,null,null,null,null,*****,null,null,null,null,null,null,null,null,null,null,null,null,null,null,null,null,null,null,null,null,null,null,null,null,null,null,null,null,null,null,null,null,null,28
0400000US29,5842713,0,2851831,3958,2990882,3958,390715,2346,383940,7454,393812,7034,419583,3230,405388,3597,757931,3575,815052,3129,863408,3155,360344,5900,272935,6088,395919,1612,275684,3277,108002,3388,37.2,0.1,4420284,2533,4167217,6188,945816,5148,779605,1734,4420284,2533,2125001,2838,2295283,2342,779605,1734,324388,1076,455217,1339,5739818,6432,102895,6432,5842713,0,5739818,6432,4905832,6447,661535,5223,21082,2040,8492,1397,345,236,328,312,660,470,86010,3236,18152,3344,19513,3053,11858,2147,2620,816,9256,2468,16849,2815,7762,1880,3333,1430,-999999999,0,-999999999,0,-999999999,0,-999999999,0,62026,4730,102895,6432,28082,3400,40115,3816,10468,2273,5275,1410,5842713,0,4999607,7040,702352,4025,71300,3929,98997,3133,6214,1515,72698,5121,5842713,0,160898,1779,110119,3916,10033,2055,3129,1254,37617,4176,5681815,1779,4820772,2635,658368,5130,19421,2120,85603,3244,3131,1414,5222,1630,89298,5434,1809,795,87489,5502,2622995,406,Missouri,null,*****,null,null,null,null,null,null,null,null,null,null,null,null,null,null,null,null,null,null,null,null,null,null,null,null,null,null,null,null,null,null,null,null,null,null,null,null,null,null,null,null,null,null,null,null,null,null,null,null,null,null,null,null,null,null,null,null,*****,null,null,null,null,null,null,null,null,null,null,null,null,null,null,null,null,null,null,null,null,null,null,null,null,null,null,null,null,null,null,null,null,null,null,null,N,N,N,N,N,N,N,N,null,null,null,null,null,null,null,null,null,null,null,null,null,*****,null,null,null,null,null,null,null,null,null,null,null,null,*****,null,null,null,null,null,null,null,null,null,null,null,null,null,null,null,null,null,null,null,null,null,null,null,null,null,null,null,null,null,null,null,null,null,29
0400000US30,944632,0,471157,1841,473475,1841,57577,1266,58636,2507,59383,2708,70663,1870,67693,1928,111616,1980,120418,1520,152481,1320,65800,2128,49047,2068,67916,863,46601,1565,16801,1652,39.5,0.3,726534,1215,681816,2411,161403,2337,131318,977,726534,1215,360355,1538,366179,1657,131318,977,58958,768,72360,796,925748,2764,18884,2764,944632,0,925748,2764,847192,1984,4470,695,59500,2572,728,419,4009,1490,193,162,5975,1754,5525,855,473,340,646,428,1433,712,923,520,1208,452,581,421,261,207,866,598,-999999999,0,-999999999,0,-999999999,0,-999999999,0,8195,2054,18884,2764,753,399,14026,2384,1908,688,366,438,944632,0,865194,3086,6213,818,74480,1443,7537,671,1234,834,9206,2162,944632,0,20513,776,12835,1480,2429,1025,929,813,4320,1279,924119,776,836541,1177,4327,676,58034,2554,5509,853,763,580,1402,1027,17543,2766,365,252,17178,2695,432080,139,Montana,null,*****,null,null,null,null,null,null,null,null,null,null,null,null,null,null,null,null,null,null,null,null,null,null,null,null,null,null,null,null,null,null,null,null,null,null,null,null,null,null,null,null,null,null,null,null,null,null,null,null,null,null,null,null,null,null,null,null,*****,null,null,null,null,null,null,null,null,null,null,null,null,null,null,null,null,null,null,null,null,null,null,null,null,null,null,null,null,null,null,null,null,null,null,null,N,N,N,N,N,N,N,N,null,null,null,null,null,null,null,null,null,null,null,null,null,*****,null,null,null,null,null,null,null,null,null,null,null,null,*****,null,null,null,null,null,null,null,null,null,null,null,null,null,null,null,null,null,null,null,null,null,null,null,null,null,null,null,null,null,null,null,null,null,30
0400000US31,1768331,0,876751,1778,891580,1778,128307,1217,120167,3096,119132,3059,132832,2174,132025,2648,229909,2961,233713,1893,256350,1709,107696,2649,74925,2877,112624,1012,84072,1757,36579,1637,36.0,0.2,1322921,1201,1240824,3276,277992,2314,233275,924,1322921,1201,649045,1418,673876,1238,233275,924,97498,573,135777,665,1741801,2825,26530,2825,1768331,0,1741801,2825,1566980,4653,72095,2333,16112,1895,248,184,131,153,497,414,5450,1187,29815,1295,5558,1788,6465,1814,1667,655,1626,510,1917,672,9163,1769,3419,1230,785,491,-999999999,0,-999999999,0,-999999999,0,-999999999,0,56014,4842,26530,2825,6346,1467,7781,1211,3185,791,3010,1568,1768331,0,1589353,5583,83454,1252,29135,2429,34204,1399,1475,661,59572,4832,1768331,0,130230,484,102180,3185,2645,1041,625,386,24780,3104,1638101,484,1500166,1079,71047,2235,12435,1338,29570,1224,526,376,1692,735,22665,2640,589,397,22076,2639,774571,263,Nebraska,null,*****,null,null,null,null,null,null,null,null,null,null,null,null,null,null,null,null,null,null,null,null,null,null,null,null,null,null,null,null,null,null,null,null,null,null,null,null,null,null,null,null,null,null,null,null,null,null,null,null,null,null,null,null,null,null,null,null,*****,null,null,null,null,null,null,null,null,null,null,null,null,null,null,null,null,null,null,null,null,null,null,null,null,null,null,null,null,null,null,null,null,null,null,null,N,N,N,N,N,N,N,N,null,null,null,null,null,null,null,null,null,null,null,null,null,*****,null,null,null,null,null,null,null,null,null,null,null,null,*****,null,null,null,null,null,null,null,null,null,null,null,null,null,null,null,null,null,null,null,null,null,null,null,null,null,null,null,null,null,null,null,null,null,31
0400000US32,2495529,0,1272447,2811,1223082,2811,183437,1142,169201,5379,177454,5334,163317,2849,157800,2650,372343,3700,382576,2879,340076,1735,152327,4847,121972,4633,156780,1048,92570,1977,25676,2075,35.6,0.2,1861082,586,1772897,4053,344960,3937,275026,1062,1861082,586,945281,2304,915801,2187,275026,1062,127968,887,147058,706,2415948,7193,79581,7193,2495529,0,2415948,7193,1837860,12559,183064,3560,30413,2271,3156,1101,605,367,2084,1194,336,292,147363,3643,6524,2007,23700,4307,73261,5786,12678,2241,8886,2245,9238,2502,13076,2717,11169,1878,5879,1462,3063,1867,847,638,1380,727,206079,12166,79581,7193,13268,2943,13650,2105,18938,3286,2360,1652,2495529,0,1904286,13279,208023,2762,50560,2878,177162,2894,19183,2553,223615,12471,2495529,0,610051,0,475390,9835,19020,4555,15120,2624,100521,8744,1885478,0,1463452,1626,178999,3160,26393,1968,146075,3679,9871,986,4895,1437,55793,5680,1925,842,53868,5486,1065267,168,Nevada,null,*****,null,null,null,null,null,null,null,null,null,null,null,null,null,null,null,null,null,null,null,null,null,null,null,null,null,null,null,null,null,null,null,null,null,null,null,null,null,null,null,null,null,null,null,null,null,null,null,null,null,null,null,null,null,null,null,null,*****,null,null,null,null,null,null,null,null,null,null,null,null,null,null,null,null,null,null,null,null,null,null,null,null,null,null,null,null,null,null,null,null,null,null,null,null,null,null,null,null,null,null,null,null,null,null,null,null,null,null,null,null,null,null,null,null,*****,null,null,null,null,null,null,null,null,null,null,null,null,*****,null,*****,null,null,null,null,null,null,null,null,null,*****,null,null,null,null,null,null,null,null,null,null,null,null,null,null,null,null,null,null,null,null,null,32
0400000US33,1314895,0,647282,1997,667613,1997,73480,809,78862,3033,87274,3183,96014,1653,82393,1495,153965,2236,208140,1750,217645,1435,87087,3511,68199,3243,83356,728,55432,2067,23048,2031,39.3,0.3,1017217,1399,960040,3445,202360,3156,161836,755,1017217,1399,495449,1495,521768,1739,161836,755,69722,601,92114,395,1303882,1491,11013,1491,1314895,0,1303882,1491,1250231,2808,13842,1157,3100,1024,-999999999,0,-999999999,0,-999999999,0,-999999999,0,26136,1281,6823,1885,6267,1625,1535,788,1486,1105,2996,1189,2720,1517,4309,1422,457,498,-999999999,0,-999999999,0,-999999999,0,-999999999,0,10116,2650,11013,1491,2618,758,4188,826,2358,1017,33,54,1314895,0,1260936,3098,16869,871,7321,988,28779,1238,532,514,11620,2759,1314895,0,29721,653,5354,1567,11123,2542,783,467,12461,2490,1285174,653,1230377,1390,13404,948,3100,1024,25907,1292,457,498,2366,1409,9563,1349,401,291,9162,1342,589840,105,New Hampshire,null,*****,null,null,null,null,null,null,null,null,null,null,null,null,null,null,null,null,null,null,null,null,null,null,null,null,null,null,null,null,null,null,null,null,null,null,null,null,null,null,null,null,null,null,null,null,null,null,null,null,null,null,null,null,null,null,null,null,*****,null,null,null,null,null,null,null,null,null,N,N,N,N,N,N,N,N,null,null,null,null,null,null,null,null,null,null,null,null,null,null,null,null,null,null,N,N,N,N,N,N,N,N,null,null,null,null,null,null,null,null,null,null,null,null,null,*****,null,null,null,null,null,null,null,null,null,null,null,null,*****,null,null,null,null,null,null,null,null,null,null,null,null,null,null,null,null,null,null,null,null,null,null,null,null,null,null,null,null,null,null,null,null,null,33
0400000US34,8724560,0,4260169,2188,4464391,2188,559872,991,565814,7315,592696,7624,597616,3170,537322,3287,1082773,3566,1393015,3112,1325391,2457,530881,8531,413575,8404,559820,2392,402259,4786,163526,4992,38.2,0.2,6634907,909,6296769,6053,1365178,7418,1125605,2100,6634907,909,3193607,1506,3441300,1331,1125605,2100,461491,1355,664114,1388,8595784,8233,128776,8233,8724560,0,8595784,8233,6073160,16554,1187161,7516,17494,3110,-999999999,0,-999999999,0,-999999999,0,-999999999,0,652378,4219,256965,11380,129896,7983,105806,7837,16681,2879,86356,7850,24251,4657,32423,4600,4362,2569,395,304,3391,2563,185,283,391,279,661229,17482,128776,8233,29114,4212,11590,1850,21057,3007,8005,2027,8724560,0,6169399,17626,1245916,6975,43379,3651,685013,3264,7167,2855,709642,17674,8724560,0,1364699,0,186918,13141,392619,18865,73024,6114,712138,18828,7359861,0,5431103,5131,1147763,5849,10139,1528,647828,3801,1722,957,40177,7063,81129,6285,8550,2268,72579,5961,3472782,433,New Jersey,null,*****,null,null,null,null,null,null,null,null,null,null,null,null,null,null,null,null,null,null,null,null,null,null,null,null,null,null,null,null,null,null,null,null,null,null,null,null,null,null,null,null,null,null,null,null,null,null,null,null,null,null,null,null,null,null,null,null,*****,null,null,null,null,null,null,null,null,null,N,N,N,N,N,N,N,N,null,null,null,null,null,null,null,null,null,null,null,null,null,null,null,null,null,null,null,null,null,null,null,null,null,null,null,null,null,null,null,null,null,null,null,null,null,null,null,*****,null,null,null,null,null,null,null,null,null,null,null,null,*****,null,*****,null,null,null,null,null,null,null,null,null,*****,null,null,null,null,null,null,null,null,null,null,null,null,null,null,null,null,null,null,null,null,null,34
0400000US35,1954599,0,963767,2576,990832,2576,141732,1215,135446,4279,144396,4327,147599,3171,145993,3435,256832,4209,260001,3659,270937,3089,120394,4001,89990,3889,127571,2005,85009,2391,28699,2232,35.2,0.2,1444249,1339,1350628,4342,292559,3295,241279,1772,1444249,1339,703065,1301,741184,1161,241279,1772,106086,1210,135193,1092,1891719,5738,62880,5738,1954599,0,1891719,5738,1325762,11738,39654,2011,189152,3609,2095,908,625,453,111465,4429,703,540,25983,1821,4883,1649,5798,1553,3285,981,3072,1134,3269,1712,3834,1313,1842,876,1396,717,-999999999,0,-999999999,0,-999999999,0,-999999999,0,309772,12330,62880,5738,4298,1346,17920,3863,4290,1274,1382,1026,1954599,0,1379923,12997,48906,2529,213989,4984,32243,1863,2477,909,342307,12136,1954599,0,860687,0,448714,12046,9632,2867,4352,2057,397989,11835,1093912,0,828965,2322,35849,1653,176968,2409,23557,1536,1053,663,6076,2059,21444,2713,2389,910,19055,2450,850153,123,New Mexico,null,*****,null,null,null,null,null,null,null,null,null,null,null,null,null,null,null,null,null,null,null,null,null,null,null,null,null,null,null,null,null,null,null,null,null,null,null,null,null,null,null,null,null,null,null,null,null,null,null,null,null,null,null,null,null,null,null,null,*****,null,null,null,null,null,null,null,null,null,null,null,null,null,null,null,null,null,null,null,null,null,null,null,null,null,null,null,null,null,null,null,null,null,null,null,N,N,N,N,N,N,N,N,null,null,null,null,null,null,null,null,null,null,null,null,null,*****,null,null,null,null,null,null,null,null,null,null,null,null,*****,null,*****,null,null,null,null,null,null,null,null,null,*****,null,null,null,null,null,null,null,null,null,null,null,null,null,null,null,null,null,null,null,null,null,35
0400000US36,19306183,0,9349093,3577,9957090,3577,1221010,2022,1196762,11951,1281783,12208,1394759,4218,1365987,5356,2509119,4283,2903901,3816,2823776,3829,1193357,11409,894841,11143,1268161,2652,894543,8602,358184,8381,37.4,0.1,14792694,1948,13914991,9598,3031405,9151,2520888,2401,14792694,1948,7041396,2755,7751298,2662,2520888,2401,1027936,1668,1492952,1596,18970290,13493,335893,13493,19306183,0,18970290,13493,12816272,25723,2990260,16000,60409,3792,4771,1381,220,194,203,272,308,320,1322971,6556,349290,17995,519672,17629,107418,8468,39350,4966,139282,10236,40523,5730,127436,10465,4927,1550,1966,868,1355,709,509,412,1097,900,1775451,28418,335893,13493,94304,7437,45812,3906,40544,3617,19101,3385,19306183,0,13074041,27512,3167786,15698,142248,6208,1391510,5752,9321,1861,1881166,29455,19306183,0,3139590,1451,373247,20679,1071394,29450,64899,6010,1630050,31134,16166593,1451,11628557,6496,2847761,12312,47466,2896,1313524,6148,3814,1271,113554,9889,211917,9797,21453,3680,190464,8221,7907514,440,New York,null,*****,null,null,null,null,null,null,null,null,null,null,null,null,null,null,null,null,null,null,null,null,null,null,null,null,null,null,null,null,null,null,null,null,null,null,null,null,null,null,null,null,null,null,null,null,null,null,null,null,null,null,null,null,null,null,null,null,*****,null,null,null,null,null,null,null,null,null,null,null,null,null,null,null,null,null,null,null,null,null,null,null,null,null,null,null,null,null,null,null,null,null,null,null,null,null,null,null,null,null,null,null,null,null,null,null,null,null,null,null,null,null,null,null,null,*****,null,null,null,null,null,null,null,null,null,null,null,null,*****,null,null,null,null,null,null,null,null,null,null,null,null,null,null,null,null,null,null,null,null,null,null,null,null,null,null,null,null,null,null,null,null,null,36
0400000US37,8856505,0,4343478,6009,4513027,6009,602733,3357,576895,9308,604628,8716,625786,6778,601228,7119,1199937,8447,1330032,7198,1269316,5441,551992,6665,422159,7058,576276,3091,373398,5255,122125,4746,36.6,0.1,6701486,2675,6318155,8454,1315660,6944,1071799,2954,6701486,2675,3232697,3334,3468789,2748,1071799,2954,439396,2108,632403,1794,8731181,7293,125324,7293,8856505,0,8731181,7293,6224663,12857,1892469,7396,99688,2889,15775,2134,100,133,155,151,186,166,162578,3651,45291,4818,23780,3727,16721,2984,7958,1786,14107,2869,22698,4103,32023,4241,5320,1677,1565,868,2667,1267,158,266,930,480,346463,13091,125324,7293,41043,4675,26608,2362,13222,2701,12711,2980,8856505,0,6325810,15062,1960551,6675,146751,4805,183804,3405,8355,2149,365812,13129,8856505,0,597382,3108,397971,11218,44707,5080,10530,2652,144174,8973,8259123,3108,5999236,3277,1877845,7172,96097,2605,161171,3575,4610,1558,16584,3658,103580,6297,4687,1255,98893,6258,4026558,1182,North Carolina,null,*****,null,null,null,null,null,null,null,null,null,null,null,null,null,null,null,null,null,null,null,null,null,null,null,null,null,null,null,null,null,null,null,null,null,null,null,null,null,null,null,null,null,null,null,null,null,null,null,null,null,null,null,null,null,null,null,null,*****,null,null,null,null,null,null,null,null,null,null,null,null,null,null,null,null,null,null,null,null,null,null,null,null,null,null,null,null,null,null,null,null,null,null,null,null,null,null,null,null,null,null,null,null,null,null,null,null,null,null,null,null,null,null,null,null,*****,null,null,null,null,null,null,null,null,null,null,null,null,*****,null,null,null,null,null,null,null,null,null,null,null,null,null,null,null,null,null,null,null,null,null,null,null,null,null,null,null,null,null,null,null,null,null,37
0400000US38,635867,0,317246,1487,318621,1487,39094,962,36139,1466,41338,1866,52152,1803,57279,1629,74205,1640,81357,1562,94602,819,38155,1579,28717,1425,43138,472,33929,1451,15762,1403,37.1,0.4,492255,954,455787,2681,109198,1450,92829,574,492255,954,243071,1442,249184,1281,92829,574,39373,353,53456,349,627501,1627,8366,1627,635867,0,627501,1627,578919,1164,5999,826,33219,1681,0,200,15722,1972,0,200,9477,1701,4348,1455,536,378,573,416,776,364,194,208,653,451,291,222,1325,1323,241,221,-999999999,0,-999999999,0,-999999999,0,-999999999,0,4775,1070,8366,1627,914,422,4925,1248,1729,850,22,36,635867,0,586893,1958,7247,895,38432,1452,6493,1476,342,288,4968,1064,635867,0,9332,673,6072,888,667,421,80,124,2513,851,626535,673,575108,570,5973,828,32768,1672,4292,1436,241,221,225,184,7928,1597,10,19,7918,1596,306982,466,North Dakota,null,*****,null,null,null,null,null,null,null,null,null,null,null,null,null,null,null,null,null,null,null,null,null,null,null,null,null,null,null,null,null,null,null,null,null,null,null,null,null,null,null,null,null,null,null,null,null,null,null,null,null,null,null,null,null,null,null,null,*****,null,null,null,null,null,null,null,null,null,null,null,null,null,null,null,null,null,null,null,null,null,null,null,null,null,null,null,null,null,null,null,null,null,null,null,N,N,N,N,N,N,N,N,null,null,null,null,null,null,null,null,null,null,null,null,null,*****,null,null,null,null,null,null,null,null,null,null,null,null,*****,null,null,null,null,null,null,null,null,null,null,null,null,null,null,null,null,null,null,null,null,null,null,null,null,null,null,null,null,null,null,null,null,null,38
0400000US39,11478006,0,5591589,3768,5886417,3768,736175,2348,741865,9486,794758,8862,827649,4459,775097,3998,1444804,4383,1627911,4722,1738793,4043,730169,8790,532706,8282,764271,2269,555823,6877,207985,6078,37.6,0.1,8705230,2142,8202303,7519,1846412,8382,1528079,2274,8705230,2142,4177121,3385,4528109,3143,1528079,2274,627329,1455,900750,1871,11306793,7838,171213,7838,11478006,0,11306793,7838,9645844,7788,1357343,6997,21570,1949,7560,1214,1100,582,425,294,387,242,175000,3555,56619,5777,43167,4035,14528,2438,9117,1677,12036,2145,18635,4105,20898,3778,2447,1353,-999999999,0,-999999999,0,-999999999,0,-999999999,0,104589,7359,171213,7838,63017,5375,38300,3046,20880,3392,8790,2115,11478006,0,9797798,9948,1448837,4158,80266,4046,202066,2157,5276,1731,128912,7931,11478006,0,265762,1623,137456,5592,69657,4730,4296,1185,54353,4833,11212244,1623,9506469,2612,1348907,6597,19767,1784,174016,3525,1106,734,15430,2552,146549,7444,4598,1201,141951,7385,5045356,432,Ohio,null,*****,null,null,null,null,null,null,null,null,null,null,null,null,null,null,null,null,null,null,null,null,null,null,null,null,null,null,null,null,null,null,null,null,null,null,null,null,null,null,null,null,null,null,null,null,null,null,null,null,null,null,null,null,null,null,null,null,*****,null,null,null,null,null,null,null,null,null,null,null,null,null,null,null,null,null,null,null,null,null,null,null,null,null,null,null,null,null,null,null,null,null,null,null,N,N,N,N,N,N,N,N,null,null,null,null,null,null,null,null,null,null,null,null,null,*****,null,null,null,null,null,null,null,null,null,null,null,null,*****,null,null,null,null,null,null,null,null,null,null,null,null,null,null,null,null,null,null,null,null,null,null,null,null,null,null,null,null,null,null,null,null,null,39
0400000US40,3579212,0,1763175,3413,1816037,3413,252053,1941,242570,5833,245332,6083,259238,4734,267898,4923,467561,3666,477860,3722,505295,3267,219059,5287,166709,4946,248712,1909,164101,2933,62824,2913,36.2,0.2,2684026,2070,2525830,5921,574999,4476,475637,2154,2684026,2070,1303583,2137,1380443,2347,475637,2154,200465,1579,275172,1471,3361630,9033,217582,9033,3579212,0,3361630,9033,2698032,6248,263271,4882,244326,7125,96519,5548,413,388,1121,497,1310,580,59164,3040,11196,2841,8292,2477,5142,1460,2694,1000,5812,1631,16678,2792,9350,2853,3084,1437,1373,575,1435,1179,36,55,240,170,93753,6118,217582,9033,18301,3077,150266,6979,9752,1908,14695,2934,3579212,0,2896796,11293,304762,2585,418850,5333,73643,2729,5953,1635,106774,6047,3579212,0,244822,1111,201317,4786,8349,1684,1727,858,33429,3978,3334390,1111,2577447,1292,260898,4915,238743,7114,58411,3093,2866,1393,3492,1081,192533,8850,1665,668,190868,8862,1607416,242,Oklahoma,null,*****,null,null,null,null,null,null,null,null,null,null,null,null,null,null,null,null,null,null,null,null,null,null,null,null,null,null,null,null,null,null,null,null,null,null,null,null,null,null,null,null,null,null,null,null,null,null,null,null,null,null,null,null,null,null,null,null,*****,null,null,null,null,null,null,null,null,null,null,null,null,null,null,null,null,null,null,null,null,null,null,null,null,null,null,null,null,null,null,null,null,null,null,null,null,null,null,null,null,null,null,null,null,null,null,null,null,null,null,null,null,null,null,null,null,*****,null,null,null,null,null,null,null,null,null,null,null,null,*****,null,null,null,null,null,null,null,null,null,null,null,null,null,null,null,null,null,null,null,null,null,null,null,null,null,null,null,null,null,null,null,null,null,40
0400000US41,3700758,0,1833458,3281,1867300,3281,229956,2347,231329,6155,240957,6307,250888,3834,246256,3378,514001,3306,512348,3095,560444,2559,260732,5510,176982,5618,239586,1992,166829,3668,70450,3487,37.6,0.2,2843141,1304,2691857,5554,580824,4750,476865,2392,2843141,1304,1395642,2001,1447499,1989,476865,2392,206533,1289,270332,1813,3589743,6187,111015,6187,3700758,0,3589743,6187,3186177,11429,63631,3071,67269,7687,4595,1293,1800,702,772,552,1619,645,135746,2891,13454,2746,29717,4033,17776,3310,14254,2104,19910,3384,23875,4032,16760,3332,8250,1488,2377,864,2611,1132,323,520,2939,1375,128670,9206,111015,6187,15339,2560,44802,3422,21704,3045,1421,1096,3700758,0,3290116,13218,86076,3238,118767,7478,164332,1837,15595,1820,143981,9260,3700758,0,379034,0,317961,7027,5811,1622,2320,924,52942,6833,3321724,0,2989235,2041,60985,2642,36631,2786,134601,2964,7934,1421,3922,1296,88416,4814,1633,743,86783,4803,1586600,159,Oregon,null,*****,null,null,null,null,null,null,null,null,null,null,null,null,null,null,null,null,null,null,null,null,null,null,null,null,null,null,null,null,null,null,null,null,null,null,null,null,null,null,null,null,null,null,null,null,null,null,null,null,null,null,null,null,null,null,null,null,*****,null,null,null,null,null,null,null,null,null,null,null,null,null,null,null,null,null,null,null,null,null,null,null,null,null,null,null,null,null,null,null,null,null,null,null,null,null,null,null,null,null,null,null,null,null,null,null,null,null,null,null,null,null,null,null,null,*****,null,null,null,null,null,null,null,null,null,null,null,null,*****,null,*****,null,null,null,null,null,null,null,null,null,*****,null,null,null,null,null,null,null,null,null,null,null,null,null,null,null,null,null,null,null,null,null,41
0400000US42,12440621,0,6043132,3285,6397489,3285,724450,1830,742644,10051,809077,10215,909621,3986,822970,3589,1438893,4852,1777911,4672,1918048,4238,809698,8980,604075,9455,887342,2181,723983,6126,271909,6063,39.6,0.1,9633087,2145,9070515,6843,2242369,8389,1883234,2422,9633087,2145,4609395,2643,5023692,1999,1883234,2422,767373,1672,1115861,1717,12289713,8068,150908,8068,12440621,0,12289713,8068,10429732,8371,1289799,6766,17634,1901,2961,838,492,358,130,165,581,375,289289,3395,84111,6116,72622,6684,18671,2959,6959,1421,36228,4669,35004,5369,35694,5634,3332,1129,1157,708,523,422,113,188,1539,792,259927,9372,150908,8068,62420,5429,19675,1814,21809,2579,8947,2218,12440621,0,10560223,10998,1380534,5233,54064,3563,317686,3089,7112,2296,284091,9636,12440621,0,527142,988,85699,7050,290568,8713,11704,2150,139171,7582,11913479,988,10201475,3277,1263313,6430,15033,1770,287452,3210,3161,1074,19088,3843,123957,7072,3515,1109,120442,6913,5453647,287,Pennsylvania,null,*****,null,null,null,null,null,null,null,null,null,null,null,null,null,null,null,null,null,null,null,null,null,null,null,null,null,null,null,null,null,null,null,null,null,null,null,null,null,null,null,null,null,null,null,null,null,null,null,null,null,null,null,null,null,null,null,null,*****,null,null,null,null,null,null,null,null,null,null,null,null,null,null,null,null,null,null,null,null,null,null,null,null,null,null,null,null,null,null,null,null,null,null,null,null,null,null,null,null,null,null,null,null,null,null,null,null,null,null,null,null,null,null,null,null,*****,null,null,null,null,null,null,null,null,null,null,null,null,*****,null,null,null,null,null,null,null,null,null,null,null,null,null,null,null,null,null,null,null,null,null,null,null,null,null,null,null,null,null,null,null,null,null,42
0400000US44,1067610,0,514651,1285,552959,1285,61798,815,62571,2585,69382,2691,81149,1508,79726,1478,129851,1138,159682,1298,159950,1429,63823,2869,52234,2758,67112,913,54909,1927,25423,1658,38.4,0.2,830163,820,772924,2639,178141,2550,147444,816,830163,820,393792,1242,436371,1029,147444,816,59443,665,88001,467,1044405,3820,23205,3820,1067610,0,1044405,3820,882370,5537,54396,3932,4396,966,-999999999,0,-999999999,0,-999999999,0,-999999999,0,29406,1879,5545,1787,7869,2191,3558,1338,483,286,1883,952,1017,658,9051,2057,248,270,-999999999,0,-999999999,0,-999999999,0,-999999999,0,73589,6348,23205,3820,6909,2138,3083,976,2604,907,1935,1082,1067610,0,900850,6422,67905,2864,11463,1859,32524,1575,503,383,79996,6220,1067610,0,117708,580,8313,3124,33685,4564,2502,1343,73208,5173,949902,580,842726,2144,49272,3042,3804,854,28840,1759,248,270,7704,2262,17308,3409,2515,852,14793,3077,449574,81,Rhode Island,null,*****,null,null,null,null,null,null,null,null,null,null,null,null,null,null,null,null,null,null,null,null,null,null,null,null,null,null,null,null,null,null,null,null,null,null,null,null,null,null,null,null,null,null,null,null,null,null,null,null,null,null,null,null,null,null,null,null,*****,null,null,null,null,null,null,null,null,null,N,N,N,N,N,N,N,N,null,null,null,null,null,null,null,null,null,null,null,null,null,null,null,null,null,null,N,N,N,N,N,N,N,N,null,null,null,null,null,null,null,null,null,null,null,null,null,*****,null,null,null,null,null,null,null,null,null,null,null,null,*****,null,null,null,null,null,null,null,null,null,null,null,null,null,null,null,null,null,null,null,null,null,null,null,null,null,null,null,null,null,null,null,null,null,44
0400000US45,4321249,0,2102537,3805,2218712,3805,284708,2264,275178,7201,290615,7125,324202,4192,300802,5092,553476,6275,619503,4651,618659,3431,275411,5414,224840,5530,301498,2611,188250,4220,64107,3053,37.1,0.2,3282383,1170,3081360,6044,689708,4830,553855,1881,3282383,1170,1569454,2049,1712929,1706,553855,1881,230267,1814,323588,1129,4265599,4350,55650,4350,4321249,0,4265599,4350,2908324,4787,1237900,4993,11935,1717,3101,872,332,307,0,283,261,258,46939,2243,10699,2044,9142,1877,9127,1607,3046,1309,2585,789,6493,2222,5847,1306,3284,1535,1030,748,1698,1269,29,50,527,390,57217,5172,55650,4350,24145,3436,12265,1730,7167,1534,2798,1070,4321249,0,2958100,6507,1269280,3638,28891,2362,56723,1837,5263,1802,61144,5252,4321249,0,148632,1449,93660,5888,15083,2913,2493,1051,37396,4576,4172617,1449,2823274,1316,1233805,4751,10956,1454,46360,2174,2329,1058,4867,1655,51026,4135,1163,588,49863,4096,1975816,289,South Carolina,null,*****,null,null,null,null,null,null,null,null,null,null,null,null,null,null,null,null,null,null,null,null,null,null,null,null,null,null,null,null,null,null,null,null,null,null,null,null,null,null,null,null,null,null,null,null,null,null,null,null,null,null,null,null,null,null,null,null,*****,null,null,null,null,null,null,null,null,null,null,null,null,null,null,null,null,null,null,null,null,null,null,null,null,null,null,null,null,null,null,null,null,null,null,null,null,null,null,null,null,null,null,null,null,null,null,null,null,null,null,null,null,null,null,null,null,*****,null,null,null,null,null,null,null,null,null,null,null,null,*****,null,null,null,null,null,null,null,null,null,null,null,null,null,null,null,null,null,null,null,null,null,null,null,null,null,null,null,null,null,null,null,null,null,45
0400000US46,781919,0,392394,2174,389525,2174,53701,835,49689,2413,56911,2349,56904,1907,59477,2119,92740,2393,102730,2052,114930,1167,49459,2167,33739,2101,53237,789,40502,1375,17900,1333,37.3,0.3,587942,817,552579,2323,130800,1865,111639,816,587942,817,290959,1586,296983,1259,111639,816,47929,584,63710,644,769548,2341,12371,2341,781919,0,769548,2341,681785,1872,5262,1143,67614,2653,120,161,321,239,1267,1291,58484,3273,7064,1446,742,800,1187,737,978,489,583,439,856,516,1883,1083,835,540,56,69,-999999999,0,-999999999,0,-999999999,0,-999999999,0,7767,2137,12371,2341,1787,1034,6937,1823,1031,678,836,637,781919,0,692501,3177,8334,999,76482,2117,8542,1472,164,149,8883,2092,781919,0,15544,1246,9444,1828,1152,692,205,261,4743,1723,766375,1246,676671,743,5157,1142,65840,2571,6907,1412,34,42,946,833,10820,2245,0,216,10820,2245,352289,494,South Dakota,null,*****,null,null,null,null,null,null,null,null,null,null,null,null,null,null,null,null,null,null,null,null,null,null,null,null,null,null,null,null,null,null,null,null,null,null,null,null,null,null,null,null,null,null,null,null,null,null,null,null,null,null,null,null,null,null,null,null,*****,null,null,null,null,null,null,null,null,null,null,null,null,null,null,null,null,null,null,null,null,null,null,null,null,null,null,null,null,null,null,null,null,null,null,null,N,N,N,N,N,N,N,N,null,null,null,null,null,null,null,null,null,null,null,null,null,*****,null,null,null,null,null,null,null,null,null,null,null,null,*****,null,null,null,null,null,null,null,null,null,null,null,null,null,null,null,null,null,null,null,null,null,null,null,null,null,null,null,null,null,null,null,null,null,46
0400000US47,6038803,0,2950108,3532,3088695,3532,399006,2823,386039,6760,406769,7407,417584,4819,391579,5311,829663,5162,877946,3617,877038,3199,385398,6665,300688,6712,414416,2217,259230,3619,93447,3366,37.2,0.1,4591753,2914,4336524,6868,942583,5554,767093,2082,4591753,2914,2208851,3359,2382902,2421,767093,2082,315697,1331,451396,1751,5964077,5931,74726,5931,6038803,0,5964077,5931,4781578,6874,1011726,5781,16135,1742,6060,1361,262,274,86,132,596,524,76208,2169,17070,3739,16270,3504,5911,1590,3655,1394,9462,2287,7854,2281,15986,3247,1284,898,-999999999,0,-999999999,0,-999999999,0,-999999999,0,77146,6204,74726,5931,23259,3126,24321,3065,8913,1754,4094,1252,6038803,0,4849807,8517,1043379,4828,47991,3996,87792,2610,2560,1155,85546,6504,6038803,0,187747,2170,126694,6246,12923,3708,3155,1024,44975,5479,5851056,2170,4677757,2664,1007914,5678,15186,1674,75916,2156,1090,771,7366,2899,65827,5384,1433,645,64394,5324,2681320,226,Tennessee,null,*****,null,null,null,null,null,null,null,null,null,null,null,null,null,null,null,null,null,null,null,null,null,null,null,null,null,null,null,null,null,null,null,null,null,null,null,null,null,null,null,null,null,null,null,null,null,null,null,null,null,null,null,null,null,null,null,null,*****,null,null,null,null,null,null,null,null,null,null,null,null,null,null,null,null,null,null,null,null,null,null,null,null,null,null,null,null,null,null,null,null,null,null,null,N,N,N,N,N,N,N,N,null,null,null,null,null,null,null,null,null,null,null,null,null,*****,null,null,null,null,null,null,null,null,null,null,null,null,*****,null,null,null,null,null,null,null,null,null,null,null,null,null,null,null,null,null,null,null,null,null,null,null,null,null,null,null,null,null,null,null,null,null,47
0400000US48,23507783,0,11705673,7159,11802110,7159,1922227,3768,1763310,13450,1755999,12979,1770134,8911,1744419,8510,3433415,9486,3447637,8944,3171706,6568,1254469,9984,915025,9858,1243160,4467,803994,8325,282288,7255,33.1,0.1,17004929,3409,15906112,13052,2855510,9597,2329442,3768,17004929,3409,8386009,3986,8618920,3573,2329442,3768,983837,2842,1345605,2470,23091163,15720,416620,15720,23507783,0,23091163,15720,16405937,47857,2718515,10979,111511,6501,19122,2498,266,261,1819,716,2090,1164,787208,6461,194908,11716,136377,8429,95436,8742,18581,2843,60078,5588,184096,11925,97732,9087,14047,2865,5430,2324,3282,1574,1088,949,4247,1732,3053945,46784,416620,15720,73664,7420,90941,6353,50237,4454,12179,2349,23507783,0,16765832,46634,2842749,9243,232346,7558,859588,5832,22651,3302,3220263,46878,23507783,0,8385118,0,7024667,37211,96034,7835,35792,5428,1228625,34421,15122665,0,11309011,5630,2676626,9313,69019,3988,775110,5824,12908,2895,47310,5210,232681,11452,20983,2765,211698,11073,9224920,650,Texas,null,*****,null,null,null,null,null,null,null,null,null,null,null,null,null,null,null,null,null,null,null,null,null,null,null,null,null,null,null,null,null,null,null,null,null,null,null,null,null,null,null,null,null,null,null,null,null,null,null,null,null,null,null,null,null,null,null,null,*****,null,null,null,null,null,null,null,null,null,null,null,null,null,null,null,null,null,null,null,null,null,null,null,null,null,null,null,null,null,null,null,null,null,null,null,null,null,null,null,null,null,null,null,null,null,null,null,null,null,null,null,null,null,null,null,null,*****,null,null,null,null,null,null,null,null,null,null,null,null,*****,null,*****,null,null,null,null,null,null,null,null,null,*****,null,null,null,null,null,null,null,null,null,null,null,null,null,null,null,null,null,null,null,null,null,48
0400000US49,2550063,0,1282354,1936,1267709,1936,247167,1186,216550,4248,205303,4413,207114,2358,236368,2251,406703,3079,311641,2230,294153,2182,115828,3026,85276,2898,117551,1051,78755,2331,27654,2171,28.4,0.1,1757891,897,1631851,4072,273089,2611,223960,1052,1757891,897,874054,1404,883837,1242,223960,1052,99763,700,124197,796,2505245,4656,44818,4656,2550063,0,2505245,4656,2271604,8320,22742,2140,28901,1967,488,311,181,190,16408,2123,465,383,49079,2375,4125,1992,13653,3055,3513,1144,6074,1349,5727,2422,6944,2102,9043,2203,18958,1550,1971,801,435,429,6259,2592,10293,2167,113961,8315,44818,4656,7008,1655,7970,1912,11424,1653,121,118,2550063,0,2312785,8923,31579,1160,39639,1912,63778,1947,25525,1660,124850,8335,2550063,0,286113,0,219599,5753,5174,1913,790,628,60550,5675,2263950,0,2112440,1295,21303,1934,27061,1694,47871,2207,18958,1550,3505,1264,32812,3781,1496,654,31316,3809,901322,141,Utah,null,*****,null,null,null,null,null,null,null,null,null,null,null,null,null,null,null,null,null,null,null,null,null,null,null,null,null,null,null,null,null,null,null,null,null,null,null,null,null,null,null,null,null,null,null,null,null,null,null,null,null,null,null,null,null,null,null,null,*****,null,null,null,null,null,null,null,null,null,null,null,null,null,null,null,null,null,null,null,null,null,null,null,null,null,null,null,null,null,null,null,null,null,null,null,null,null,null,null,null,null,null,null,null,null,null,null,null,null,null,null,null,null,null,null,null,*****,null,null,null,null,null,null,null,null,null,null,null,null,*****,null,*****,null,null,null,null,null,null,null,null,null,*****,null,null,null,null,null,null,null,null,null,null,null,null,null,null,null,null,null,null,null,null,null,49
0400000US50,623908,0,306596,1056,317312,1056,33014,673,32899,1715,40434,1679,48121,1012,42510,1317,70002,794,90578,825,104478,633,44892,1703,34035,1697,42743,472,29416,1154,10786,1168,40.6,0.3,490004,751,456964,1855,103674,1737,82945,614,490004,751,238384,912,251620,864,82945,614,35480,392,47465,417,615889,1134,8019,1134,623908,0,615889,1134,600529,792,5167,742,2563,696,-999999999,0,-999999999,0,-999999999,0,-999999999,0,5693,743,1263,554,1456,718,555,457,276,178,573,288,950,609,620,444,61,101,-999999999,0,-999999999,0,-999999999,0,-999999999,0,1876,765,8019,1134,933,432,4733,816,1342,430,0,205,623908,0,608399,1172,6535,900,7760,748,7278,730,212,182,2286,809,623908,0,6644,651,1802,600,2013,587,336,233,2493,623,617264,651,596638,254,4722,608,2422,689,5657,737,61,101,199,235,7565,1079,132,121,7433,1064,309566,112,Vermont,null,*****,null,null,null,null,null,null,null,null,null,null,null,null,null,null,null,null,null,null,null,null,null,null,null,null,null,null,null,null,null,null,null,null,null,null,null,null,null,null,null,null,null,null,null,null,null,null,null,null,null,null,null,null,null,null,null,null,*****,null,null,null,null,null,null,null,null,null,N,N,N,N,N,N,N,N,null,null,null,null,null,null,null,null,null,null,null,null,null,null,null,null,null,null,N,N,N,N,N,N,N,N,null,null,null,null,null,null,null,null,null,null,null,null,null,*****,null,null,null,null,null,null,null,null,null,null,null,null,*****,null,null,null,null,null,null,null,null,null,null,null,null,null,null,null,null,null,null,null,null,null,null,null,null,null,null,null,null,null,null,null,null,null,50
0400000US51,7642884,0,3757523,5483,3885361,5483,503491,3428,479241,8098,506389,7685,548319,5010,536451,6272,1014102,6956,1192313,6830,1141333,5187,482721,7440,352510,6087,475451,3590,301207,5702,109356,4870,36.9,0.2,5837331,2661,5488390,7405,1089485,7725,886014,3564,5837331,2661,2829859,3854,3007472,2848,886014,3564,370983,2230,515031,2414,7497725,8457,145159,8457,7642884,0,7497725,8457,5413295,11229,1496076,7657,18553,2070,3586,1094,546,424,282,265,572,452,365515,4642,76167,5776,58722,5585,64677,6368,8965,1641,63767,7420,48729,6543,44488,5226,6291,1753,1059,643,2383,1024,1930,1588,919,522,197995,10716,145159,8457,42607,4661,21936,2599,30066,3470,10208,2508,7642884,0,5532434,13034,1565845,6467,56775,4164,409035,3398,11753,2644,221694,10858,7642884,0,470871,2634,118264,9512,51211,5167,12702,2933,288694,10091,7172013,2634,5167028,2555,1483105,7187,16923,1971,363086,4460,5384,1709,16412,2959,120075,7823,6687,1695,113388,7493,3230821,356,Virginia,null,*****,null,null,null,null,null,null,null,null,null,null,null,null,null,null,null,null,null,null,null,null,null,null,null,null,null,null,null,null,null,null,null,null,null,null,null,null,null,null,null,null,null,null,null,null,null,null,null,null,null,null,null,null,null,null,null,null,*****,null,null,null,null,null,null,null,null,null,null,null,null,null,null,null,null,null,null,null,null,null,null,null,null,null,null,null,null,null,null,null,null,null,null,null,null,null,null,null,null,null,null,null,null,null,null,null,null,null,null,null,null,null,null,null,null,*****,null,null,null,null,null,null,null,null,null,null,null,null,*****,null,null,null,null,null,null,null,null,null,null,null,null,null,null,null,null,null,null,null,null,null,null,null,null,null,null,null,null,null,null,null,null,null,51
0400000US53,6395798,0,3184373,3528,3211425,3528,406816,1554,409095,6303,437285,6761,455048,4195,433972,3674,888641,4941,948214,3581,970799,2791,407846,6132,301366,5964,379702,2209,254060,4084,102954,4140,36.7,0.1,4867922,1006,4592750,5577,912150,5683,736716,2063,4867922,1006,2402967,2293,2464955,2148,736716,2063,320301,1477,416415,1413,6186347,8883,209451,8883,6395798,0,6186347,8883,5148130,12497,217868,5110,92791,4224,3637,916,3417,924,1051,915,2542,866,423976,6335,44271,5137,81636,7383,80896,7007,38628,3939,57320,5091,68308,7108,52917,6228,27186,1818,5005,1790,7792,2446,7477,2605,6912,2120,276396,12323,209451,8883,35444,3965,57818,3962,52228,4190,6679,1925,6395798,0,5333274,14855,277760,3199,170339,3996,497782,3395,41373,2547,301698,12341,6395798,0,580027,567,464652,8163,19957,3982,6746,1673,88672,8359,5815771,567,4886203,2527,211333,4818,83313,3687,418886,6172,26691,1759,12692,3126,176653,8128,3044,1227,173609,8127,2699658,213,Washington,null,*****,null,null,null,null,null,null,null,null,null,null,null,null,null,null,null,null,null,null,null,null,null,null,null,null,null,null,null,null,null,null,null,null,null,null,null,null,null,null,null,null,null,null,null,null,null,null,null,null,null,null,null,null,null,null,null,null,*****,null,null,null,null,null,null,null,null,null,null,null,null,null,null,null,null,null,null,null,null,null,null,null,null,null,null,null,null,null,null,null,null,null,null,null,null,null,null,null,null,null,null,null,null,null,null,null,null,null,null,null,null,null,null,null,null,*****,null,null,null,null,null,null,null,null,null,null,null,null,*****,null,null,null,null,null,null,null,null,null,null,null,null,null,null,null,null,null,null,null,null,null,null,null,null,null,null,null,null,null,null,null,null,null,53
0400000US54,1818470,0,890990,2141,927480,2141,104429,1138,101776,3587,112468,3680,120689,2895,116175,2718,223799,2843,249536,2371,279544,1521,132607,3234,98330,3187,143894,1109,101907,2816,33316,2750,40.7,0.2,1428249,1231,1354092,3305,336183,2837,279117,1490,1428249,1231,690685,1543,737564,1450,279117,1490,117436,968,161681,1012,1797774,2329,20696,2329,1818470,0,1797774,2329,1721098,1805,58693,2194,3318,1078,-999999999,0,-999999999,0,-999999999,0,-999999999,0,10479,1628,3362,1414,655,481,2218,1003,1413,620,674,456,1210,886,947,457,1201,824,-999999999,0,-999999999,0,-999999999,0,-999999999,0,2985,965,20696,2329,8002,1643,6934,1488,1743,670,1270,862,1818470,0,1740346,2098,68774,2357,12084,1930,12497,1688,2015,994,4260,1223,1818470,0,14383,1518,5756,1537,1816,871,412,371,6399,1141,1804087,1518,1711605,1305,58521,2213,3318,1078,10313,1645,710,682,424,347,19196,2327,106,115,19090,2347,877587,243,West Virginia,null,*****,null,null,null,null,null,null,null,null,null,null,null,null,null,null,null,null,null,null,null,null,null,null,null,null,null,null,null,null,null,null,null,null,null,null,null,null,null,null,null,null,null,null,null,null,null,null,null,null,null,null,null,null,null,null,null,null,*****,null,null,null,null,null,null,null,null,null,N,N,N,N,N,N,N,N,null,null,null,null,null,null,null,null,null,null,null,null,null,null,null,null,null,null,N,N,N,N,N,N,N,N,null,null,null,null,null,null,null,null,null,null,null,null,null,*****,null,null,null,null,null,null,null,null,null,null,null,null,*****,null,null,null,null,null,null,null,null,null,null,null,null,null,null,null,null,null,null,null,null,null,null,null,null,null,null,null,null,null,null,null,null,null,54
0400000US55,5556506,0,2758587,2772,2797919,2772,351702,1532,345873,5397,375856,5791,400664,2443,399780,3001,697437,4174,807871,3060,856132,2738,347163,5725,252155,5640,356158,1305,259719,3270,105996,3282,37.6,0.1,4241563,1616,3991158,5548,871447,4325,721873,1344,4241563,1616,2086276,2003,2155287,1836,721873,1344,305589,799,416284,1022,5484928,3929,71578,3929,5556506,0,5484928,3929,4859689,6394,328376,3397,47727,2424,2032,808,13741,1231,12,20,677,273,110778,2702,17949,2949,15449,2427,7296,1699,3212,1113,6677,1431,4953,1346,55242,4480,1622,681,-999999999,0,-999999999,0,-999999999,0,-999999999,0,136736,5993,71578,3929,19249,2667,21037,2442,12018,1797,2365,755,5556506,0,4925156,6567,354023,2379,75530,2486,124714,2074,3287,1222,149145,6493,5556506,0,256304,658,178638,5897,43500,5033,1902,640,32264,3642,5300202,658,4755716,1777,325004,3451,44417,2151,110435,2671,1449,646,5268,1501,57913,3669,1985,913,55928,3710,2532958,960,Wisconsin,null,*****,null,null,null,null,null,null,null,null,null,null,null,null,null,null,null,null,null,null,null,null,null,null,null,null,null,null,null,null,null,null,null,null,null,null,null,null,null,null,null,null,null,null,null,null,null,null,null,null,null,null,null,null,null,null,null,null,*****,null,null,null,null,null,null,null,null,null,null,null,null,null,null,null,null,null,null,null,null,null,null,null,null,null,null,null,null,null,null,null,null,null,null,null,N,N,N,N,N,N,N,N,null,null,null,null,null,null,null,null,null,null,null,null,null,*****,null,null,null,null,null,null,null,null,null,null,null,null,*****,null,null,null,null,null,null,null,null,null,null,null,null,null,null,null,null,null,null,null,null,null,null,null,null,null,null,null,null,null,null,null,null,null,55
0400000US56,515004,0,259215,1896,255789,1896,34128,980,31557,1904,32883,2079,37164,1602,39874,1672,65653,1609,65430,1156,84698,1354,34652,1897,27335,1953,32630,593,21573,1175,7427,1105,37.5,0.4,394074,1050,369942,2478,76803,1895,61630,580,394074,1050,197958,1272,196116,879,61630,580,27675,344,33955,528,505576,1655,9428,1655,515004,0,505576,1655,472937,2132,3686,1121,11505,1064,158,183,327,359,620,523,538,363,4656,1356,1097,922,1768,804,631,667,262,253,325,294,265,325,308,324,350,445,-999999999,0,-999999999,0,-999999999,0,-999999999,0,12442,1881,9428,1655,937,614,6030,1271,401,350,150,170,515004,0,481759,2559,5150,1066,18034,1470,5057,1296,689,540,13899,1947,515004,0,35732,0,26247,1766,500,374,0,259,8985,1826,479272,0,453251,633,3269,1098,10497,809,4311,1419,350,445,762,642,6832,1289,271,282,6561,1304,239088,188,Wyoming,null,*****,null,null,null,null,null,null,null,null,null,null,null,null,null,null,null,null,null,null,null,null,null,null,null,null,null,null,null,null,null,null,null,null,null,null,null,null,null,null,null,null,null,null,null,null,null,null,null,null,null,null,null,null,null,null,null,null,*****,null,null,null,null,null,null,null,null,null,null,null,null,null,null,null,null,null,null,null,null,null,null,null,null,null,null,null,null,null,null,null,null,null,null,null,N,N,N,N,N,N,N,N,null,null,null,null,null,null,null,null,null,null,null,null,null,*****,null,null,null,null,null,null,null,null,null,null,null,null,*****,null,*****,null,null,null,null,null,null,null,null,null,*****,null,null,null,null,null,null,null,null,null,null,null,null,null,null,null,null,null,null,null,null,null,56
0400000US72,3927776,0,1887087,1994,2040689,1994,251606,0,279325,6535,308248,6538,295908,2560,291542,2998,550504,1853,530802,1574,490341,634,226424,4381,199190,4381,285199,724,158267,3078,60420,3012,34.7,0.2,2909118,0,2727812,3782,617993,4119,503886,0,2909118,0,1365470,0,1543648,0,503886,0,217809,0,286077,0,3754013,9201,173763,9201,3927776,0,3754013,9201,2962908,17336,303274,11748,8085,1888,-999999999,0,-999999999,0,-999999999,0,-999999999,0,13498,2802,8021,1856,4204,2059,112,184,0,275,40,66,323,261,798,615,123,146,-999999999,0,-999999999,0,-999999999,0,-999999999,0,466125,12966,173763,9201,142687,8437,370,247,748,541,1401,676,3927776,0,3127043,17642,459455,13851,12022,2258,16708,2784,665,756,490733,12529,3927776,0,3877953,4709,11258,1915,3745007,8988,19398,2522,102290,6686,49823,4709,35854,3402,4884,1434,0,275,4932,2072,0,275,2983,971,1170,532,338,408,832,450,1437597,5917,Puerto Rico,null,*****,null,null,null,null,null,*****,null,null,null,null,null,null,null,null,null,null,null,null,null,null,null,null,null,null,null,null,null,null,null,null,null,null,null,*****,null,null,null,null,*****,null,null,*****,*****,null,null,*****,null,*****,*****,null,*****,null,null,null,null,null,*****,null,null,null,null,null,null,null,null,null,N,N,N,N,N,N,N,N,null,null,null,null,null,null,null,null,null,null,null,null,null,null,null,null,null,null,N,N,N,N,N,N,N,N,null,null,null,null,null,null,null,null,null,null,null,null,null,*****,null,null,null,null,null,null,null,null,null,null,null,null,*****,null,null,null,null,null,null,null,null,null,null,null,null,null,null,null,null,null,null,null,null,null,null,null,null,null,null,null,null,null,null,null,null,null,72
