YEAR,FILE,DATA TITLE,DATA DESCRIPTION,GROUP NAME,GROUP DESCRIPTION
2010,data/2010/acs-acs1-subject-2010-GROUP_S0101_DATA.csv,ACS 1-Year Subject Tables,"The American Community Survey (ACS) is an ongoing survey that provides data every year -- giving communities the current information they need to plan investments and services. The ACS covers a broad range of topics about social, economic, demographic, and housing characteristics of the U.S. population.  Summary file, Subject tables, Data profiles, and Comparison profiles are available for the nation, all 50 states, the District of Columbia, Puerto Rico, every congressional district, every metropolitan area, and all counties and places with populations of 65,000 or more.  Subject tables provide an overview of the estimates available in a particular topic.  The data are presented as population counts and percentages.  There are over 66,000 variables in this dataset.",S0101,AGE AND SEX 
2010,data/2010/acs-acs1-subject-2010-GROUP_S0102_DATA.csv,ACS 1-Year Subject Tables,"The American Community Survey (ACS) is an ongoing survey that provides data every year -- giving communities the current information they need to plan investments and services. The ACS covers a broad range of topics about social, economic, demographic, and housing characteristics of the U.S. population.  Summary file, Subject tables, Data profiles, and Comparison profiles are available for the nation, all 50 states, the District of Columbia, Puerto Rico, every congressional district, every metropolitan area, and all counties and places with populations of 65,000 or more.  Subject tables provide an overview of the estimates available in a particular topic.  The data are presented as population counts and percentages.  There are over 66,000 variables in this dataset.",S0102,POPULATION 60 YEARS AND OVER IN THE UNITED STATES 
2010,data/2010/acs-acs1-subject-2010-GROUP_S0102PR_DATA.csv,ACS 1-Year Subject Tables,"The American Community Survey (ACS) is an ongoing survey that provides data every year -- giving communities the current information they need to plan investments and services. The ACS covers a broad range of topics about social, economic, demographic, and housing characteristics of the U.S. population.  Summary file, Subject tables, Data profiles, and Comparison profiles are available for the nation, all 50 states, the District of Columbia, Puerto Rico, every congressional district, every metropolitan area, and all counties and places with populations of 65,000 or more.  Subject tables provide an overview of the estimates available in a particular topic.  The data are presented as population counts and percentages.  There are over 66,000 variables in this dataset.",S0102PR,POPULATION 60 YEARS AND OVER IN PUERTO RICO 
2010,data/2010/acs-acs1-subject-2010-GROUP_S0103_DATA.csv,ACS 1-Year Subject Tables,"The American Community Survey (ACS) is an ongoing survey that provides data every year -- giving communities the current information they need to plan investments and services. The ACS covers a broad range of topics about social, economic, demographic, and housing characteristics of the U.S. population.  Summary file, Subject tables, Data profiles, and Comparison profiles are available for the nation, all 50 states, the District of Columbia, Puerto Rico, every congressional district, every metropolitan area, and all counties and places with populations of 65,000 or more.  Subject tables provide an overview of the estimates available in a particular topic.  The data are presented as population counts and percentages.  There are over 66,000 variables in this dataset.",S0103,POPULATION 65 YEARS AND OVER IN THE UNITED STATES 
2010,data/2010/acs-acs1-subject-2010-GROUP_S0103PR_DATA.csv,ACS 1-Year Subject Tables,"The American Community Survey (ACS) is an ongoing survey that provides data every year -- giving communities the current information they need to plan investments and services. The ACS covers a broad range of topics about social, economic, demographic, and housing characteristics of the U.S. population.  Summary file, Subject tables, Data profiles, and Comparison profiles are available for the nation, all 50 states, the District of Columbia, Puerto Rico, every congressional district, every metropolitan area, and all counties and places with populations of 65,000 or more.  Subject tables provide an overview of the estimates available in a particular topic.  The data are presented as population counts and percentages.  There are over 66,000 variables in this dataset.",S0103PR,POPULATION 65 YEARS AND OVER IN PUERTO RICO 
2010,data/2010/acs-acs1-subject-2010-GROUP_S0501_DATA.csv,ACS 1-Year Subject Tables,"The American Community Survey (ACS) is an ongoing survey that provides data every year -- giving communities the current information they need to plan investments and services. The ACS covers a broad range of topics about social, economic, demographic, and housing characteristics of the U.S. population.  Summary file, Subject tables, Data profiles, and Comparison profiles are available for the nation, all 50 states, the District of Columbia, Puerto Rico, every congressional district, every metropolitan area, and all counties and places with populations of 65,000 or more.  Subject tables provide an overview of the estimates available in a particular topic.  The data are presented as population counts and percentages.  There are over 66,000 variables in this dataset.",S0501,SELECTED CHARACTERISTICS OF THE NATIVE AND FOREIGN-BORN POPULATIONS 
2010,data/2010/acs-acs1-subject-2010-GROUP_S0502_DATA.csv,ACS 1-Year Subject Tables,"The American Community Survey (ACS) is an ongoing survey that provides data every year -- giving communities the current information they need to plan investments and services. The ACS covers a broad range of topics about social, economic, demographic, and housing characteristics of the U.S. population.  Summary file, Subject tables, Data profiles, and Comparison profiles are available for the nation, all 50 states, the District of Columbia, Puerto Rico, every congressional district, every metropolitan area, and all counties and places with populations of 65,000 or more.  Subject tables provide an overview of the estimates available in a particular topic.  The data are presented as population counts and percentages.  There are over 66,000 variables in this dataset.",S0502,"SELECTED CHARACTERISTICS OF THE FOREIGN-BORN POPULATION BY PERIOD OF ENTRY INTO
THE UNITED STATES "
2010,data/2010/acs-acs1-subject-2010-GROUP_S0502PR_DATA.csv,ACS 1-Year Subject Tables,"The American Community Survey (ACS) is an ongoing survey that provides data every year -- giving communities the current information they need to plan investments and services. The ACS covers a broad range of topics about social, economic, demographic, and housing characteristics of the U.S. population.  Summary file, Subject tables, Data profiles, and Comparison profiles are available for the nation, all 50 states, the District of Columbia, Puerto Rico, every congressional district, every metropolitan area, and all counties and places with populations of 65,000 or more.  Subject tables provide an overview of the estimates available in a particular topic.  The data are presented as population counts and percentages.  There are over 66,000 variables in this dataset.",S0502PR,"SELECTED CHARACTERISTICS OF THE FOREIGN-BORN POPULATION BY PERIOD OF ENTRY INTO
PUERTO RICO "
2010,data/2010/acs-acs1-subject-2010-GROUP_S0503_DATA.csv,ACS 1-Year Subject Tables,"The American Community Survey (ACS) is an ongoing survey that provides data every year -- giving communities the current information they need to plan investments and services. The ACS covers a broad range of topics about social, economic, demographic, and housing characteristics of the U.S. population.  Summary file, Subject tables, Data profiles, and Comparison profiles are available for the nation, all 50 states, the District of Columbia, Puerto Rico, every congressional district, every metropolitan area, and all counties and places with populations of 65,000 or more.  Subject tables provide an overview of the estimates available in a particular topic.  The data are presented as population counts and percentages.  There are over 66,000 variables in this dataset.",S0503,"SELECTED CHARACTERISTICS OF THE FOREIGN-BORN POPULATION BY REGION OF BIRTH:
EUROPE "
2010,data/2010/acs-acs1-subject-2010-GROUP_S0504_DATA.csv,ACS 1-Year Subject Tables,"The American Community Survey (ACS) is an ongoing survey that provides data every year -- giving communities the current information they need to plan investments and services. The ACS covers a broad range of topics about social, economic, demographic, and housing characteristics of the U.S. population.  Summary file, Subject tables, Data profiles, and Comparison profiles are available for the nation, all 50 states, the District of Columbia, Puerto Rico, every congressional district, every metropolitan area, and all counties and places with populations of 65,000 or more.  Subject tables provide an overview of the estimates available in a particular topic.  The data are presented as population counts and percentages.  There are over 66,000 variables in this dataset.",S0504,"SELECTED CHARACTERISTICS OF THE FOREIGN-BORN POPULATION BY REGION OF BIRTH:
AFRICA, NORTHERN AMERICA, AND OCEANIA "
2010,data/2010/acs-acs1-subject-2010-GROUP_S0505_DATA.csv,ACS 1-Year Subject Tables,"The American Community Survey (ACS) is an ongoing survey that provides data every year -- giving communities the current information they need to plan investments and services. The ACS covers a broad range of topics about social, economic, demographic, and housing characteristics of the U.S. population.  Summary file, Subject tables, Data profiles, and Comparison profiles are available for the nation, all 50 states, the District of Columbia, Puerto Rico, every congressional district, every metropolitan area, and all counties and places with populations of 65,000 or more.  Subject tables provide an overview of the estimates available in a particular topic.  The data are presented as population counts and percentages.  There are over 66,000 variables in this dataset.",S0505,"SELECTED CHARACTERISTICS OF THE FOREIGN-BORN POPULATION BY REGION OF BIRTH: ASIA
"
2010,data/2010/acs-acs1-subject-2010-GROUP_S0506_DATA.csv,ACS 1-Year Subject Tables,"The American Community Survey (ACS) is an ongoing survey that provides data every year -- giving communities the current information they need to plan investments and services. The ACS covers a broad range of topics about social, economic, demographic, and housing characteristics of the U.S. population.  Summary file, Subject tables, Data profiles, and Comparison profiles are available for the nation, all 50 states, the District of Columbia, Puerto Rico, every congressional district, every metropolitan area, and all counties and places with populations of 65,000 or more.  Subject tables provide an overview of the estimates available in a particular topic.  The data are presented as population counts and percentages.  There are over 66,000 variables in this dataset.",S0506,"SELECTED CHARACTERISTICS OF THE FOREIGN-BORN POPULATION BY REGION OF BIRTH:
LATIN AMERICA "
2010,data/2010/acs-acs1-subject-2010-GROUP_S0601_DATA.csv,ACS 1-Year Subject Tables,"The American Community Survey (ACS) is an ongoing survey that provides data every year -- giving communities the current information they need to plan investments and services. The ACS covers a broad range of topics about social, economic, demographic, and housing characteristics of the U.S. population.  Summary file, Subject tables, Data profiles, and Comparison profiles are available for the nation, all 50 states, the District of Columbia, Puerto Rico, every congressional district, every metropolitan area, and all counties and places with populations of 65,000 or more.  Subject tables provide an overview of the estimates available in a particular topic.  The data are presented as population counts and percentages.  There are over 66,000 variables in this dataset.",S0601,"SELECTED CHARACTERISTICS OF THE TOTAL AND NATIVE POPULATIONS IN THE UNITED
STATES "
2010,data/2010/acs-acs1-subject-2010-GROUP_S0601PR_DATA.csv,ACS 1-Year Subject Tables,"The American Community Survey (ACS) is an ongoing survey that provides data every year -- giving communities the current information they need to plan investments and services. The ACS covers a broad range of topics about social, economic, demographic, and housing characteristics of the U.S. population.  Summary file, Subject tables, Data profiles, and Comparison profiles are available for the nation, all 50 states, the District of Columbia, Puerto Rico, every congressional district, every metropolitan area, and all counties and places with populations of 65,000 or more.  Subject tables provide an overview of the estimates available in a particular topic.  The data are presented as population counts and percentages.  There are over 66,000 variables in this dataset.",S0601PR,SELECTED CHARACTERISTICS OF THE TOTAL AND NATIVE POPULATIONS IN PUERTO RICO 
2010,data/2010/acs-acs1-subject-2010-GROUP_S0701_DATA.csv,ACS 1-Year Subject Tables,"The American Community Survey (ACS) is an ongoing survey that provides data every year -- giving communities the current information they need to plan investments and services. The ACS covers a broad range of topics about social, economic, demographic, and housing characteristics of the U.S. population.  Summary file, Subject tables, Data profiles, and Comparison profiles are available for the nation, all 50 states, the District of Columbia, Puerto Rico, every congressional district, every metropolitan area, and all counties and places with populations of 65,000 or more.  Subject tables provide an overview of the estimates available in a particular topic.  The data are presented as population counts and percentages.  There are over 66,000 variables in this dataset.",S0701,GEOGRAPHIC MOBILITY BY SELECTED CHARACTERISTICS IN THE UNITED STATES 
2010,data/2010/acs-acs1-subject-2010-GROUP_S0701PR_DATA.csv,ACS 1-Year Subject Tables,"The American Community Survey (ACS) is an ongoing survey that provides data every year -- giving communities the current information they need to plan investments and services. The ACS covers a broad range of topics about social, economic, demographic, and housing characteristics of the U.S. population.  Summary file, Subject tables, Data profiles, and Comparison profiles are available for the nation, all 50 states, the District of Columbia, Puerto Rico, every congressional district, every metropolitan area, and all counties and places with populations of 65,000 or more.  Subject tables provide an overview of the estimates available in a particular topic.  The data are presented as population counts and percentages.  There are over 66,000 variables in this dataset.",S0701PR,GEOGRAPHIC MOBILITY BY SELECTED CHARACTERISTICS IN PUERTO RICO 
2010,data/2010/acs-acs1-subject-2010-GROUP_S0801_DATA.csv,ACS 1-Year Subject Tables,"The American Community Survey (ACS) is an ongoing survey that provides data every year -- giving communities the current information they need to plan investments and services. The ACS covers a broad range of topics about social, economic, demographic, and housing characteristics of the U.S. population.  Summary file, Subject tables, Data profiles, and Comparison profiles are available for the nation, all 50 states, the District of Columbia, Puerto Rico, every congressional district, every metropolitan area, and all counties and places with populations of 65,000 or more.  Subject tables provide an overview of the estimates available in a particular topic.  The data are presented as population counts and percentages.  There are over 66,000 variables in this dataset.",S0801,COMMUTING CHARACTERISTICS BY SEX 
2010,data/2010/acs-acs1-subject-2010-GROUP_S0802_DATA.csv,ACS 1-Year Subject Tables,"The American Community Survey (ACS) is an ongoing survey that provides data every year -- giving communities the current information they need to plan investments and services. The ACS covers a broad range of topics about social, economic, demographic, and housing characteristics of the U.S. population.  Summary file, Subject tables, Data profiles, and Comparison profiles are available for the nation, all 50 states, the District of Columbia, Puerto Rico, every congressional district, every metropolitan area, and all counties and places with populations of 65,000 or more.  Subject tables provide an overview of the estimates available in a particular topic.  The data are presented as population counts and percentages.  There are over 66,000 variables in this dataset.",S0802,MEANS OF TRANSPORTATION TO WORK BY SELECTED CHARACTERISTICS 
2010,data/2010/acs-acs1-subject-2010-GROUP_S0804_DATA.csv,ACS 1-Year Subject Tables,"The American Community Survey (ACS) is an ongoing survey that provides data every year -- giving communities the current information they need to plan investments and services. The ACS covers a broad range of topics about social, economic, demographic, and housing characteristics of the U.S. population.  Summary file, Subject tables, Data profiles, and Comparison profiles are available for the nation, all 50 states, the District of Columbia, Puerto Rico, every congressional district, every metropolitan area, and all counties and places with populations of 65,000 or more.  Subject tables provide an overview of the estimates available in a particular topic.  The data are presented as population counts and percentages.  There are over 66,000 variables in this dataset.",S0804,"MEANS OF TRANSPORTATION TO WORK BY SELECTED CHARACTERISTICS FOR WORKPLACE
GEOGRAPHY "
2010,data/2010/acs-acs1-subject-2010-GROUP_S0901_DATA.csv,ACS 1-Year Subject Tables,"The American Community Survey (ACS) is an ongoing survey that provides data every year -- giving communities the current information they need to plan investments and services. The ACS covers a broad range of topics about social, economic, demographic, and housing characteristics of the U.S. population.  Summary file, Subject tables, Data profiles, and Comparison profiles are available for the nation, all 50 states, the District of Columbia, Puerto Rico, every congressional district, every metropolitan area, and all counties and places with populations of 65,000 or more.  Subject tables provide an overview of the estimates available in a particular topic.  The data are presented as population counts and percentages.  There are over 66,000 variables in this dataset.",S0901,CHILDREN CHARACTERISTICS 
2010,data/2010/acs-acs1-subject-2010-GROUP_S0902_DATA.csv,ACS 1-Year Subject Tables,"The American Community Survey (ACS) is an ongoing survey that provides data every year -- giving communities the current information they need to plan investments and services. The ACS covers a broad range of topics about social, economic, demographic, and housing characteristics of the U.S. population.  Summary file, Subject tables, Data profiles, and Comparison profiles are available for the nation, all 50 states, the District of Columbia, Puerto Rico, every congressional district, every metropolitan area, and all counties and places with populations of 65,000 or more.  Subject tables provide an overview of the estimates available in a particular topic.  The data are presented as population counts and percentages.  There are over 66,000 variables in this dataset.",S0902,CHARACTERISTICS OF TEENAGERS 15 TO 19 YEARS OLD 
2010,data/2010/acs-acs1-subject-2010-GROUP_S1001_DATA.csv,ACS 1-Year Subject Tables,"The American Community Survey (ACS) is an ongoing survey that provides data every year -- giving communities the current information they need to plan investments and services. The ACS covers a broad range of topics about social, economic, demographic, and housing characteristics of the U.S. population.  Summary file, Subject tables, Data profiles, and Comparison profiles are available for the nation, all 50 states, the District of Columbia, Puerto Rico, every congressional district, every metropolitan area, and all counties and places with populations of 65,000 or more.  Subject tables provide an overview of the estimates available in a particular topic.  The data are presented as population counts and percentages.  There are over 66,000 variables in this dataset.",S1001,GRANDCHILDREN CHARACTERISTICS 
2010,data/2010/acs-acs1-subject-2010-GROUP_S1002_DATA.csv,ACS 1-Year Subject Tables,"The American Community Survey (ACS) is an ongoing survey that provides data every year -- giving communities the current information they need to plan investments and services. The ACS covers a broad range of topics about social, economic, demographic, and housing characteristics of the U.S. population.  Summary file, Subject tables, Data profiles, and Comparison profiles are available for the nation, all 50 states, the District of Columbia, Puerto Rico, every congressional district, every metropolitan area, and all counties and places with populations of 65,000 or more.  Subject tables provide an overview of the estimates available in a particular topic.  The data are presented as population counts and percentages.  There are over 66,000 variables in this dataset.",S1002,GRANDPARENTS 
2010,data/2010/acs-acs1-subject-2010-GROUP_S1101_DATA.csv,ACS 1-Year Subject Tables,"The American Community Survey (ACS) is an ongoing survey that provides data every year -- giving communities the current information they need to plan investments and services. The ACS covers a broad range of topics about social, economic, demographic, and housing characteristics of the U.S. population.  Summary file, Subject tables, Data profiles, and Comparison profiles are available for the nation, all 50 states, the District of Columbia, Puerto Rico, every congressional district, every metropolitan area, and all counties and places with populations of 65,000 or more.  Subject tables provide an overview of the estimates available in a particular topic.  The data are presented as population counts and percentages.  There are over 66,000 variables in this dataset.",S1101,HOUSEHOLDS AND FAMILIES 
2010,data/2010/acs-acs1-subject-2010-GROUP_S1201_DATA.csv,ACS 1-Year Subject Tables,"The American Community Survey (ACS) is an ongoing survey that provides data every year -- giving communities the current information they need to plan investments and services. The ACS covers a broad range of topics about social, economic, demographic, and housing characteristics of the U.S. population.  Summary file, Subject tables, Data profiles, and Comparison profiles are available for the nation, all 50 states, the District of Columbia, Puerto Rico, every congressional district, every metropolitan area, and all counties and places with populations of 65,000 or more.  Subject tables provide an overview of the estimates available in a particular topic.  The data are presented as population counts and percentages.  There are over 66,000 variables in this dataset.",S1201,MARITAL STATUS 
2010,data/2010/acs-acs1-subject-2010-GROUP_S1251_DATA.csv,ACS 1-Year Subject Tables,"The American Community Survey (ACS) is an ongoing survey that provides data every year -- giving communities the current information they need to plan investments and services. The ACS covers a broad range of topics about social, economic, demographic, and housing characteristics of the U.S. population.  Summary file, Subject tables, Data profiles, and Comparison profiles are available for the nation, all 50 states, the District of Columbia, Puerto Rico, every congressional district, every metropolitan area, and all counties and places with populations of 65,000 or more.  Subject tables provide an overview of the estimates available in a particular topic.  The data are presented as population counts and percentages.  There are over 66,000 variables in this dataset.",S1251,CHARACTERISTICS OF PEOPLE WITH A MARITAL EVENT IN THE LAST 12 MONTHS 
2010,data/2010/acs-acs1-subject-2010-GROUP_S1301_DATA.csv,ACS 1-Year Subject Tables,"The American Community Survey (ACS) is an ongoing survey that provides data every year -- giving communities the current information they need to plan investments and services. The ACS covers a broad range of topics about social, economic, demographic, and housing characteristics of the U.S. population.  Summary file, Subject tables, Data profiles, and Comparison profiles are available for the nation, all 50 states, the District of Columbia, Puerto Rico, every congressional district, every metropolitan area, and all counties and places with populations of 65,000 or more.  Subject tables provide an overview of the estimates available in a particular topic.  The data are presented as population counts and percentages.  There are over 66,000 variables in this dataset.",S1301,FERTILITY 
2010,data/2010/acs-acs1-subject-2010-GROUP_S1401_DATA.csv,ACS 1-Year Subject Tables,"The American Community Survey (ACS) is an ongoing survey that provides data every year -- giving communities the current information they need to plan investments and services. The ACS covers a broad range of topics about social, economic, demographic, and housing characteristics of the U.S. population.  Summary file, Subject tables, Data profiles, and Comparison profiles are available for the nation, all 50 states, the District of Columbia, Puerto Rico, every congressional district, every metropolitan area, and all counties and places with populations of 65,000 or more.  Subject tables provide an overview of the estimates available in a particular topic.  The data are presented as population counts and percentages.  There are over 66,000 variables in this dataset.",S1401,SCHOOL ENROLLMENT 
2010,data/2010/acs-acs1-subject-2010-GROUP_S1501_DATA.csv,ACS 1-Year Subject Tables,"The American Community Survey (ACS) is an ongoing survey that provides data every year -- giving communities the current information they need to plan investments and services. The ACS covers a broad range of topics about social, economic, demographic, and housing characteristics of the U.S. population.  Summary file, Subject tables, Data profiles, and Comparison profiles are available for the nation, all 50 states, the District of Columbia, Puerto Rico, every congressional district, every metropolitan area, and all counties and places with populations of 65,000 or more.  Subject tables provide an overview of the estimates available in a particular topic.  The data are presented as population counts and percentages.  There are over 66,000 variables in this dataset.",S1501,EDUCATIONAL ATTAINMENT 
2010,data/2010/acs-acs1-subject-2010-GROUP_S1601_DATA.csv,ACS 1-Year Subject Tables,"The American Community Survey (ACS) is an ongoing survey that provides data every year -- giving communities the current information they need to plan investments and services. The ACS covers a broad range of topics about social, economic, demographic, and housing characteristics of the U.S. population.  Summary file, Subject tables, Data profiles, and Comparison profiles are available for the nation, all 50 states, the District of Columbia, Puerto Rico, every congressional district, every metropolitan area, and all counties and places with populations of 65,000 or more.  Subject tables provide an overview of the estimates available in a particular topic.  The data are presented as population counts and percentages.  There are over 66,000 variables in this dataset.",S1601,LANGUAGE SPOKEN AT HOME 
2010,data/2010/acs-acs1-subject-2010-GROUP_S1602_DATA.csv,ACS 1-Year Subject Tables,"The American Community Survey (ACS) is an ongoing survey that provides data every year -- giving communities the current information they need to plan investments and services. The ACS covers a broad range of topics about social, economic, demographic, and housing characteristics of the U.S. population.  Summary file, Subject tables, Data profiles, and Comparison profiles are available for the nation, all 50 states, the District of Columbia, Puerto Rico, every congressional district, every metropolitan area, and all counties and places with populations of 65,000 or more.  Subject tables provide an overview of the estimates available in a particular topic.  The data are presented as population counts and percentages.  There are over 66,000 variables in this dataset.",S1602,"NO ONE AGE 14 AND OVER SPEAKS ENGLISH ONLY OR SPEAKS ENGLISH ""VERY WELL"" "
2010,data/2010/acs-acs1-subject-2010-GROUP_S1603_DATA.csv,ACS 1-Year Subject Tables,"The American Community Survey (ACS) is an ongoing survey that provides data every year -- giving communities the current information they need to plan investments and services. The ACS covers a broad range of topics about social, economic, demographic, and housing characteristics of the U.S. population.  Summary file, Subject tables, Data profiles, and Comparison profiles are available for the nation, all 50 states, the District of Columbia, Puerto Rico, every congressional district, every metropolitan area, and all counties and places with populations of 65,000 or more.  Subject tables provide an overview of the estimates available in a particular topic.  The data are presented as population counts and percentages.  There are over 66,000 variables in this dataset.",S1603,CHARACTERISTICS OF PEOPLE BY LANGUAGE SPOKEN AT HOME 
2010,data/2010/acs-acs1-subject-2010-GROUP_S1701_DATA.csv,ACS 1-Year Subject Tables,"The American Community Survey (ACS) is an ongoing survey that provides data every year -- giving communities the current information they need to plan investments and services. The ACS covers a broad range of topics about social, economic, demographic, and housing characteristics of the U.S. population.  Summary file, Subject tables, Data profiles, and Comparison profiles are available for the nation, all 50 states, the District of Columbia, Puerto Rico, every congressional district, every metropolitan area, and all counties and places with populations of 65,000 or more.  Subject tables provide an overview of the estimates available in a particular topic.  The data are presented as population counts and percentages.  There are over 66,000 variables in this dataset.",S1701,POVERTY STATUS IN THE PAST 12 MONTHS 
2010,data/2010/acs-acs1-subject-2010-GROUP_S1702_DATA.csv,ACS 1-Year Subject Tables,"The American Community Survey (ACS) is an ongoing survey that provides data every year -- giving communities the current information they need to plan investments and services. The ACS covers a broad range of topics about social, economic, demographic, and housing characteristics of the U.S. population.  Summary file, Subject tables, Data profiles, and Comparison profiles are available for the nation, all 50 states, the District of Columbia, Puerto Rico, every congressional district, every metropolitan area, and all counties and places with populations of 65,000 or more.  Subject tables provide an overview of the estimates available in a particular topic.  The data are presented as population counts and percentages.  There are over 66,000 variables in this dataset.",S1702,POVERTY STATUS IN THE PAST 12 MONTHS OF FAMILIES 
2010,data/2010/acs-acs1-subject-2010-GROUP_S1703_DATA.csv,ACS 1-Year Subject Tables,"The American Community Survey (ACS) is an ongoing survey that provides data every year -- giving communities the current information they need to plan investments and services. The ACS covers a broad range of topics about social, economic, demographic, and housing characteristics of the U.S. population.  Summary file, Subject tables, Data profiles, and Comparison profiles are available for the nation, all 50 states, the District of Columbia, Puerto Rico, every congressional district, every metropolitan area, and all counties and places with populations of 65,000 or more.  Subject tables provide an overview of the estimates available in a particular topic.  The data are presented as population counts and percentages.  There are over 66,000 variables in this dataset.",S1703,"SELECTED CHARACTERISTICS OF PEOPLE AT SPECIFIED LEVELS OF POVERTY IN THE PAST 12
MONTHS "
2010,data/2010/acs-acs1-subject-2010-GROUP_S1810_DATA.csv,ACS 1-Year Subject Tables,"The American Community Survey (ACS) is an ongoing survey that provides data every year -- giving communities the current information they need to plan investments and services. The ACS covers a broad range of topics about social, economic, demographic, and housing characteristics of the U.S. population.  Summary file, Subject tables, Data profiles, and Comparison profiles are available for the nation, all 50 states, the District of Columbia, Puerto Rico, every congressional district, every metropolitan area, and all counties and places with populations of 65,000 or more.  Subject tables provide an overview of the estimates available in a particular topic.  The data are presented as population counts and percentages.  There are over 66,000 variables in this dataset.",S1810,DISABILITY CHARACTERISTICS 
2010,data/2010/acs-acs1-subject-2010-GROUP_S1811_DATA.csv,ACS 1-Year Subject Tables,"The American Community Survey (ACS) is an ongoing survey that provides data every year -- giving communities the current information they need to plan investments and services. The ACS covers a broad range of topics about social, economic, demographic, and housing characteristics of the U.S. population.  Summary file, Subject tables, Data profiles, and Comparison profiles are available for the nation, all 50 states, the District of Columbia, Puerto Rico, every congressional district, every metropolitan area, and all counties and places with populations of 65,000 or more.  Subject tables provide an overview of the estimates available in a particular topic.  The data are presented as population counts and percentages.  There are over 66,000 variables in this dataset.",S1811,"SELECTED ECONOMIC CHARACTERISTICS FOR THE CIVILIAN NONINSTITUTIONALIZED
POPULATION BY DISABILITY STATUS "
2010,data/2010/acs-acs1-subject-2010-GROUP_S1901_DATA.csv,ACS 1-Year Subject Tables,"The American Community Survey (ACS) is an ongoing survey that provides data every year -- giving communities the current information they need to plan investments and services. The ACS covers a broad range of topics about social, economic, demographic, and housing characteristics of the U.S. population.  Summary file, Subject tables, Data profiles, and Comparison profiles are available for the nation, all 50 states, the District of Columbia, Puerto Rico, every congressional district, every metropolitan area, and all counties and places with populations of 65,000 or more.  Subject tables provide an overview of the estimates available in a particular topic.  The data are presented as population counts and percentages.  There are over 66,000 variables in this dataset.",S1901,INCOME IN THE PAST 12 MONTHS (IN 2010 INFLATION-ADJUSTED DOLLARS) 
2010,data/2010/acs-acs1-subject-2010-GROUP_S1902_DATA.csv,ACS 1-Year Subject Tables,"The American Community Survey (ACS) is an ongoing survey that provides data every year -- giving communities the current information they need to plan investments and services. The ACS covers a broad range of topics about social, economic, demographic, and housing characteristics of the U.S. population.  Summary file, Subject tables, Data profiles, and Comparison profiles are available for the nation, all 50 states, the District of Columbia, Puerto Rico, every congressional district, every metropolitan area, and all counties and places with populations of 65,000 or more.  Subject tables provide an overview of the estimates available in a particular topic.  The data are presented as population counts and percentages.  There are over 66,000 variables in this dataset.",S1902,MEAN INCOME IN THE PAST 12 MONTHS (IN 2010 INFLATION-ADJUSTED DOLLARS) 
2010,data/2010/acs-acs1-subject-2010-GROUP_S1903_DATA.csv,ACS 1-Year Subject Tables,"The American Community Survey (ACS) is an ongoing survey that provides data every year -- giving communities the current information they need to plan investments and services. The ACS covers a broad range of topics about social, economic, demographic, and housing characteristics of the U.S. population.  Summary file, Subject tables, Data profiles, and Comparison profiles are available for the nation, all 50 states, the District of Columbia, Puerto Rico, every congressional district, every metropolitan area, and all counties and places with populations of 65,000 or more.  Subject tables provide an overview of the estimates available in a particular topic.  The data are presented as population counts and percentages.  There are over 66,000 variables in this dataset.",S1903,MEDIAN INCOME IN THE PAST 12 MONTHS (IN 2010 INFLATION-ADJUSTED DOLLARS) 
2010,data/2010/acs-acs1-subject-2010-GROUP_S2001_DATA.csv,ACS 1-Year Subject Tables,"The American Community Survey (ACS) is an ongoing survey that provides data every year -- giving communities the current information they need to plan investments and services. The ACS covers a broad range of topics about social, economic, demographic, and housing characteristics of the U.S. population.  Summary file, Subject tables, Data profiles, and Comparison profiles are available for the nation, all 50 states, the District of Columbia, Puerto Rico, every congressional district, every metropolitan area, and all counties and places with populations of 65,000 or more.  Subject tables provide an overview of the estimates available in a particular topic.  The data are presented as population counts and percentages.  There are over 66,000 variables in this dataset.",S2001,EARNINGS IN THE PAST 12 MONTHS (IN 2010 INFLATION-ADJUSTED DOLLARS) 
2010,data/2010/acs-acs1-subject-2010-GROUP_S2002_DATA.csv,ACS 1-Year Subject Tables,"The American Community Survey (ACS) is an ongoing survey that provides data every year -- giving communities the current information they need to plan investments and services. The ACS covers a broad range of topics about social, economic, demographic, and housing characteristics of the U.S. population.  Summary file, Subject tables, Data profiles, and Comparison profiles are available for the nation, all 50 states, the District of Columbia, Puerto Rico, every congressional district, every metropolitan area, and all counties and places with populations of 65,000 or more.  Subject tables provide an overview of the estimates available in a particular topic.  The data are presented as population counts and percentages.  There are over 66,000 variables in this dataset.",S2002,"MEDIAN EARNINGS IN THE PAST 12 MONTHS (IN 2010 INFLATION-ADJUSTED DOLLARS) OF
WORKERS BY SEX AND WOMEN'S EARNINGS AS A PERCENTAGE OF MEN'S EARNINGS BY
SELECTED CHARACTERISTICS "
2010,data/2010/acs-acs1-subject-2010-GROUP_S2101_DATA.csv,ACS 1-Year Subject Tables,"The American Community Survey (ACS) is an ongoing survey that provides data every year -- giving communities the current information they need to plan investments and services. The ACS covers a broad range of topics about social, economic, demographic, and housing characteristics of the U.S. population.  Summary file, Subject tables, Data profiles, and Comparison profiles are available for the nation, all 50 states, the District of Columbia, Puerto Rico, every congressional district, every metropolitan area, and all counties and places with populations of 65,000 or more.  Subject tables provide an overview of the estimates available in a particular topic.  The data are presented as population counts and percentages.  There are over 66,000 variables in this dataset.",S2101,VETERAN STATUS 
2010,data/2010/acs-acs1-subject-2010-GROUP_S2201_DATA.csv,ACS 1-Year Subject Tables,"The American Community Survey (ACS) is an ongoing survey that provides data every year -- giving communities the current information they need to plan investments and services. The ACS covers a broad range of topics about social, economic, demographic, and housing characteristics of the U.S. population.  Summary file, Subject tables, Data profiles, and Comparison profiles are available for the nation, all 50 states, the District of Columbia, Puerto Rico, every congressional district, every metropolitan area, and all counties and places with populations of 65,000 or more.  Subject tables provide an overview of the estimates available in a particular topic.  The data are presented as population counts and percentages.  There are over 66,000 variables in this dataset.",S2201,FOOD STAMPS/SNAP 
2010,data/2010/acs-acs1-subject-2010-GROUP_S2301_DATA.csv,ACS 1-Year Subject Tables,"The American Community Survey (ACS) is an ongoing survey that provides data every year -- giving communities the current information they need to plan investments and services. The ACS covers a broad range of topics about social, economic, demographic, and housing characteristics of the U.S. population.  Summary file, Subject tables, Data profiles, and Comparison profiles are available for the nation, all 50 states, the District of Columbia, Puerto Rico, every congressional district, every metropolitan area, and all counties and places with populations of 65,000 or more.  Subject tables provide an overview of the estimates available in a particular topic.  The data are presented as population counts and percentages.  There are over 66,000 variables in this dataset.",S2301,EMPLOYMENT STATUS 
2010,data/2010/acs-acs1-subject-2010-GROUP_S2401_DATA.csv,ACS 1-Year Subject Tables,"The American Community Survey (ACS) is an ongoing survey that provides data every year -- giving communities the current information they need to plan investments and services. The ACS covers a broad range of topics about social, economic, demographic, and housing characteristics of the U.S. population.  Summary file, Subject tables, Data profiles, and Comparison profiles are available for the nation, all 50 states, the District of Columbia, Puerto Rico, every congressional district, every metropolitan area, and all counties and places with populations of 65,000 or more.  Subject tables provide an overview of the estimates available in a particular topic.  The data are presented as population counts and percentages.  There are over 66,000 variables in this dataset.",S2401,"OCCUPATION BY SEX AND MEDIAN EARNINGS IN THE PAST 12 MONTHS (IN 2010
INFLATION-ADJUSTED DOLLARS) FOR THE CIVILIAN EMPLOYED POPULATION 16 YEARS AND
OVER "
2010,data/2010/acs-acs1-subject-2010-GROUP_S2402_DATA.csv,ACS 1-Year Subject Tables,"The American Community Survey (ACS) is an ongoing survey that provides data every year -- giving communities the current information they need to plan investments and services. The ACS covers a broad range of topics about social, economic, demographic, and housing characteristics of the U.S. population.  Summary file, Subject tables, Data profiles, and Comparison profiles are available for the nation, all 50 states, the District of Columbia, Puerto Rico, every congressional district, every metropolitan area, and all counties and places with populations of 65,000 or more.  Subject tables provide an overview of the estimates available in a particular topic.  The data are presented as population counts and percentages.  There are over 66,000 variables in this dataset.",S2402,"OCCUPATION BY SEX AND MEDIAN EARNINGS IN THE PAST 12 MONTHS (IN 2010
INFLATION-ADJUSTED DOLLARS) FOR FULL-TIME, YEAR-ROUND CIVILIAN EMPLOYED
POPULATION 16 YEARS AND OVER "
2010,data/2010/acs-acs1-subject-2010-GROUP_S2403_DATA.csv,ACS 1-Year Subject Tables,"The American Community Survey (ACS) is an ongoing survey that provides data every year -- giving communities the current information they need to plan investments and services. The ACS covers a broad range of topics about social, economic, demographic, and housing characteristics of the U.S. population.  Summary file, Subject tables, Data profiles, and Comparison profiles are available for the nation, all 50 states, the District of Columbia, Puerto Rico, every congressional district, every metropolitan area, and all counties and places with populations of 65,000 or more.  Subject tables provide an overview of the estimates available in a particular topic.  The data are presented as population counts and percentages.  There are over 66,000 variables in this dataset.",S2403,"INDUSTRY BY SEX AND MEDIAN EARNINGS IN THE PAST 12 MONTHS (IN 2010
INFLATION-ADJUSTED DOLLARS) FOR THE CIVILIAN EMPLOYED POPULATION 16 YEARS AND
OVER "
2010,data/2010/acs-acs1-subject-2010-GROUP_S2404_DATA.csv,ACS 1-Year Subject Tables,"The American Community Survey (ACS) is an ongoing survey that provides data every year -- giving communities the current information they need to plan investments and services. The ACS covers a broad range of topics about social, economic, demographic, and housing characteristics of the U.S. population.  Summary file, Subject tables, Data profiles, and Comparison profiles are available for the nation, all 50 states, the District of Columbia, Puerto Rico, every congressional district, every metropolitan area, and all counties and places with populations of 65,000 or more.  Subject tables provide an overview of the estimates available in a particular topic.  The data are presented as population counts and percentages.  There are over 66,000 variables in this dataset.",S2404,"INDUSTRY BY SEX AND MEDIAN EARNINGS IN THE PAST 12 MONTHS (IN 2010
INFLATION-ADJUSTED DOLLARS) FOR THE FULL-TIME, YEAR-ROUND CIVILIAN EMPLOYED
POPULATION 16 YEARS AND OVER "
2010,data/2010/acs-acs1-subject-2010-GROUP_S2405_DATA.csv,ACS 1-Year Subject Tables,"The American Community Survey (ACS) is an ongoing survey that provides data every year -- giving communities the current information they need to plan investments and services. The ACS covers a broad range of topics about social, economic, demographic, and housing characteristics of the U.S. population.  Summary file, Subject tables, Data profiles, and Comparison profiles are available for the nation, all 50 states, the District of Columbia, Puerto Rico, every congressional district, every metropolitan area, and all counties and places with populations of 65,000 or more.  Subject tables provide an overview of the estimates available in a particular topic.  The data are presented as population counts and percentages.  There are over 66,000 variables in this dataset.",S2405,INDUSTRY BY OCCUPATION FOR THE CIVILIAN EMPLOYED POPULATION 16 YEARS AND OVER 
2010,data/2010/acs-acs1-subject-2010-GROUP_S2406_DATA.csv,ACS 1-Year Subject Tables,"The American Community Survey (ACS) is an ongoing survey that provides data every year -- giving communities the current information they need to plan investments and services. The ACS covers a broad range of topics about social, economic, demographic, and housing characteristics of the U.S. population.  Summary file, Subject tables, Data profiles, and Comparison profiles are available for the nation, all 50 states, the District of Columbia, Puerto Rico, every congressional district, every metropolitan area, and all counties and places with populations of 65,000 or more.  Subject tables provide an overview of the estimates available in a particular topic.  The data are presented as population counts and percentages.  There are over 66,000 variables in this dataset.",S2406,"OCCUPATION BY CLASS OF WORKER FOR THE CIVILIAN EMPLOYED POPULATION 16 YEARS AND
OVER "
2010,data/2010/acs-acs1-subject-2010-GROUP_S2407_DATA.csv,ACS 1-Year Subject Tables,"The American Community Survey (ACS) is an ongoing survey that provides data every year -- giving communities the current information they need to plan investments and services. The ACS covers a broad range of topics about social, economic, demographic, and housing characteristics of the U.S. population.  Summary file, Subject tables, Data profiles, and Comparison profiles are available for the nation, all 50 states, the District of Columbia, Puerto Rico, every congressional district, every metropolitan area, and all counties and places with populations of 65,000 or more.  Subject tables provide an overview of the estimates available in a particular topic.  The data are presented as population counts and percentages.  There are over 66,000 variables in this dataset.",S2407,"INDUSTRY BY CLASS OF WORKER FOR THE CIVILIAN EMPLOYED POPULATION 16 YEARS AND
OVER "
2010,data/2010/acs-acs1-subject-2010-GROUP_S2408_DATA.csv,ACS 1-Year Subject Tables,"The American Community Survey (ACS) is an ongoing survey that provides data every year -- giving communities the current information they need to plan investments and services. The ACS covers a broad range of topics about social, economic, demographic, and housing characteristics of the U.S. population.  Summary file, Subject tables, Data profiles, and Comparison profiles are available for the nation, all 50 states, the District of Columbia, Puerto Rico, every congressional district, every metropolitan area, and all counties and places with populations of 65,000 or more.  Subject tables provide an overview of the estimates available in a particular topic.  The data are presented as population counts and percentages.  There are over 66,000 variables in this dataset.",S2408,"CLASS OF WORKER BY SEX AND MEDIAN EARNINGS IN THE PAST 12 MONTHS (IN 2010
INFLATION-ADJUSTED DOLLARS) FOR THE CIVILIAN EMPLOYED POPULATION 16 YEARS AND
OVER "
2010,data/2010/acs-acs1-subject-2010-GROUP_S2409_DATA.csv,ACS 1-Year Subject Tables,"The American Community Survey (ACS) is an ongoing survey that provides data every year -- giving communities the current information they need to plan investments and services. The ACS covers a broad range of topics about social, economic, demographic, and housing characteristics of the U.S. population.  Summary file, Subject tables, Data profiles, and Comparison profiles are available for the nation, all 50 states, the District of Columbia, Puerto Rico, every congressional district, every metropolitan area, and all counties and places with populations of 65,000 or more.  Subject tables provide an overview of the estimates available in a particular topic.  The data are presented as population counts and percentages.  There are over 66,000 variables in this dataset.",S2409,"CLASS OF WORKER BY SEX AND MEDIAN EARNINGS IN THE PAST 12 MONTHS (IN 2010
INFLATION-ADJUSTED DOLLARS) FOR THE FULL-TIME, YEAR-ROUND CIVILIAN EMPLOYED
POPULATION 16 YEARS AND OVER "
2010,data/2010/acs-acs1-subject-2010-GROUP_S2501_DATA.csv,ACS 1-Year Subject Tables,"The American Community Survey (ACS) is an ongoing survey that provides data every year -- giving communities the current information they need to plan investments and services. The ACS covers a broad range of topics about social, economic, demographic, and housing characteristics of the U.S. population.  Summary file, Subject tables, Data profiles, and Comparison profiles are available for the nation, all 50 states, the District of Columbia, Puerto Rico, every congressional district, every metropolitan area, and all counties and places with populations of 65,000 or more.  Subject tables provide an overview of the estimates available in a particular topic.  The data are presented as population counts and percentages.  There are over 66,000 variables in this dataset.",S2501,OCCUPANCY CHARACTERISTICS 
2010,data/2010/acs-acs1-subject-2010-GROUP_S2502_DATA.csv,ACS 1-Year Subject Tables,"The American Community Survey (ACS) is an ongoing survey that provides data every year -- giving communities the current information they need to plan investments and services. The ACS covers a broad range of topics about social, economic, demographic, and housing characteristics of the U.S. population.  Summary file, Subject tables, Data profiles, and Comparison profiles are available for the nation, all 50 states, the District of Columbia, Puerto Rico, every congressional district, every metropolitan area, and all counties and places with populations of 65,000 or more.  Subject tables provide an overview of the estimates available in a particular topic.  The data are presented as population counts and percentages.  There are over 66,000 variables in this dataset.",S2502,DEMOGRAPHIC CHARACTERISTICS FOR OCCUPIED HOUSING UNITS 
2010,data/2010/acs-acs1-subject-2010-GROUP_S2503_DATA.csv,ACS 1-Year Subject Tables,"The American Community Survey (ACS) is an ongoing survey that provides data every year -- giving communities the current information they need to plan investments and services. The ACS covers a broad range of topics about social, economic, demographic, and housing characteristics of the U.S. population.  Summary file, Subject tables, Data profiles, and Comparison profiles are available for the nation, all 50 states, the District of Columbia, Puerto Rico, every congressional district, every metropolitan area, and all counties and places with populations of 65,000 or more.  Subject tables provide an overview of the estimates available in a particular topic.  The data are presented as population counts and percentages.  There are over 66,000 variables in this dataset.",S2503,FINANCIAL CHARACTERISTICS 
2010,data/2010/acs-acs1-subject-2010-GROUP_S2506_DATA.csv,ACS 1-Year Subject Tables,"The American Community Survey (ACS) is an ongoing survey that provides data every year -- giving communities the current information they need to plan investments and services. The ACS covers a broad range of topics about social, economic, demographic, and housing characteristics of the U.S. population.  Summary file, Subject tables, Data profiles, and Comparison profiles are available for the nation, all 50 states, the District of Columbia, Puerto Rico, every congressional district, every metropolitan area, and all counties and places with populations of 65,000 or more.  Subject tables provide an overview of the estimates available in a particular topic.  The data are presented as population counts and percentages.  There are over 66,000 variables in this dataset.",S2506,FINANCIAL CHARACTERISTICS FOR HOUSING UNITS WITH A MORTGAGE 
2010,data/2010/acs-acs1-subject-2010-GROUP_S2507_DATA.csv,ACS 1-Year Subject Tables,"The American Community Survey (ACS) is an ongoing survey that provides data every year -- giving communities the current information they need to plan investments and services. The ACS covers a broad range of topics about social, economic, demographic, and housing characteristics of the U.S. population.  Summary file, Subject tables, Data profiles, and Comparison profiles are available for the nation, all 50 states, the District of Columbia, Puerto Rico, every congressional district, every metropolitan area, and all counties and places with populations of 65,000 or more.  Subject tables provide an overview of the estimates available in a particular topic.  The data are presented as population counts and percentages.  There are over 66,000 variables in this dataset.",S2507,FINANCIAL CHARACTERISTICS FOR HOUSING UNITS WITHOUT A MORTGAGE 
2010,data/2010/acs-acs1-subject-2010-GROUP_S2601A_DATA.csv,ACS 1-Year Subject Tables,"The American Community Survey (ACS) is an ongoing survey that provides data every year -- giving communities the current information they need to plan investments and services. The ACS covers a broad range of topics about social, economic, demographic, and housing characteristics of the U.S. population.  Summary file, Subject tables, Data profiles, and Comparison profiles are available for the nation, all 50 states, the District of Columbia, Puerto Rico, every congressional district, every metropolitan area, and all counties and places with populations of 65,000 or more.  Subject tables provide an overview of the estimates available in a particular topic.  The data are presented as population counts and percentages.  There are over 66,000 variables in this dataset.",S2601A,CHARACTERISTICS OF THE GROUP QUARTERS POPULATION IN THE UNITED STATES 
2010,data/2010/acs-acs1-subject-2010-GROUP_S2601B_DATA.csv,ACS 1-Year Subject Tables,"The American Community Survey (ACS) is an ongoing survey that provides data every year -- giving communities the current information they need to plan investments and services. The ACS covers a broad range of topics about social, economic, demographic, and housing characteristics of the U.S. population.  Summary file, Subject tables, Data profiles, and Comparison profiles are available for the nation, all 50 states, the District of Columbia, Puerto Rico, every congressional district, every metropolitan area, and all counties and places with populations of 65,000 or more.  Subject tables provide an overview of the estimates available in a particular topic.  The data are presented as population counts and percentages.  There are over 66,000 variables in this dataset.",S2601B,CHARACTERISTICS OF THE GROUP QUARTERS POPULATION BY GROUP QUARTERS TYPE 
2010,data/2010/acs-acs1-subject-2010-GROUP_S2601C_DATA.csv,ACS 1-Year Subject Tables,"The American Community Survey (ACS) is an ongoing survey that provides data every year -- giving communities the current information they need to plan investments and services. The ACS covers a broad range of topics about social, economic, demographic, and housing characteristics of the U.S. population.  Summary file, Subject tables, Data profiles, and Comparison profiles are available for the nation, all 50 states, the District of Columbia, Puerto Rico, every congressional district, every metropolitan area, and all counties and places with populations of 65,000 or more.  Subject tables provide an overview of the estimates available in a particular topic.  The data are presented as population counts and percentages.  There are over 66,000 variables in this dataset.",S2601C,CHARACTERISTICS OF THE GROUP QUARTERS POPULATION IN THE UNITED STATES 
2010,data/2010/acs-acs1-subject-2010-GROUP_S2701_DATA.csv,ACS 1-Year Subject Tables,"The American Community Survey (ACS) is an ongoing survey that provides data every year -- giving communities the current information they need to plan investments and services. The ACS covers a broad range of topics about social, economic, demographic, and housing characteristics of the U.S. population.  Summary file, Subject tables, Data profiles, and Comparison profiles are available for the nation, all 50 states, the District of Columbia, Puerto Rico, every congressional district, every metropolitan area, and all counties and places with populations of 65,000 or more.  Subject tables provide an overview of the estimates available in a particular topic.  The data are presented as population counts and percentages.  There are over 66,000 variables in this dataset.",S2701,HEALTH INSURANCE COVERAGE STATUS 
2010,data/2010/acs-acs1-subject-2010-GROUP_S2702_DATA.csv,ACS 1-Year Subject Tables,"The American Community Survey (ACS) is an ongoing survey that provides data every year -- giving communities the current information they need to plan investments and services. The ACS covers a broad range of topics about social, economic, demographic, and housing characteristics of the U.S. population.  Summary file, Subject tables, Data profiles, and Comparison profiles are available for the nation, all 50 states, the District of Columbia, Puerto Rico, every congressional district, every metropolitan area, and all counties and places with populations of 65,000 or more.  Subject tables provide an overview of the estimates available in a particular topic.  The data are presented as population counts and percentages.  There are over 66,000 variables in this dataset.",S2702,SELECTED CHARACTERISTICS OF THE UNINSURED IN THE UNITED STATES 
2010,data/2010/acs-acs1-subject-2010-GROUP_S2702PR_DATA.csv,ACS 1-Year Subject Tables,"The American Community Survey (ACS) is an ongoing survey that provides data every year -- giving communities the current information they need to plan investments and services. The ACS covers a broad range of topics about social, economic, demographic, and housing characteristics of the U.S. population.  Summary file, Subject tables, Data profiles, and Comparison profiles are available for the nation, all 50 states, the District of Columbia, Puerto Rico, every congressional district, every metropolitan area, and all counties and places with populations of 65,000 or more.  Subject tables provide an overview of the estimates available in a particular topic.  The data are presented as population counts and percentages.  There are over 66,000 variables in this dataset.",S2702PR,SELECTED CHARACTERISTICS OF THE UNINSURED IN PUERTO RICO 
