B23002D_001E,B23002D_001EA,B23002D_001M,B23002D_001MA,B23002D_002E,B23002D_002EA,B23002D_002M,B23002D_002MA,B23002D_003E,B23002D_003EA,B23002D_003M,B23002D_003MA,B23002D_004E,B23002D_004EA,B23002D_004M,B23002D_004MA,B23002D_005E,B23002D_005EA,B23002D_005M,B23002D_005MA,B23002D_006E,B23002D_006EA,B23002D_006M,B23002D_006MA,B23002D_007E,B23002D_007EA,B23002D_007M,B23002D_007MA,B23002D_008E,B23002D_008EA,B23002D_008M,B23002D_008MA,B23002D_009E,B23002D_009EA,B23002D_009M,B23002D_009MA,B23002D_010E,B23002D_010EA,B23002D_010M,B23002D_010MA,B23002D_011E,B23002D_011EA,B23002D_011M,B23002D_011MA,B23002D_012E,B23002D_012EA,B23002D_012M,B23002D_012MA,B23002D_013E,B23002D_013EA,B23002D_013M,B23002D_013MA,B23002D_014E,B23002D_014EA,B23002D_014M,B23002D_014MA,B23002D_015E,B23002D_015EA,B23002D_015M,B23002D_015MA,B23002D_016E,B23002D_016EA,B23002D_016M,B23002D_016MA,B23002D_017E,B23002D_017EA,B23002D_017M,B23002D_017MA,B23002D_018E,B23002D_018EA,B23002D_018M,B23002D_018MA,B23002D_019E,B23002D_019EA,B23002D_019M,B23002D_019MA,B23002D_020E,B23002D_020EA,B23002D_020M,B23002D_020MA,B23002D_021E,B23002D_021EA,B23002D_021M,B23002D_021MA,B23002D_022E,B23002D_022EA,B23002D_022M,B23002D_022MA,B23002D_023E,B23002D_023EA,B23002D_023M,B23002D_023MA,B23002D_024E,B23002D_024EA,B23002D_024M,B23002D_024MA,B23002D_025E,B23002D_025EA,B23002D_025M,B23002D_025MA,B23002D_026E,B23002D_026EA,B23002D_026M,B23002D_026MA,B23002D_027E,B23002D_027EA,B23002D_027M,B23002D_027MA,B23002D_028E,B23002D_028EA,B23002D_028M,B23002D_028MA,B23002D_029E,B23002D_029EA,B23002D_029M,B23002D_029MA,B23002D_030E,B23002D_030EA,B23002D_030M,B23002D_030MA,B23002D_031E,B23002D_031EA,B23002D_031M,B23002D_031MA,B23002D_032E,B23002D_032EA,B23002D_032M,B23002D_032MA,B23002D_033E,B23002D_033EA,B23002D_033M,B23002D_033MA,B23002D_034E,B23002D_034EA,B23002D_034M,B23002D_034MA,B23002D_035E,B23002D_035EA,B23002D_035M,B23002D_035MA,B23002D_036E,B23002D_036EA,B23002D_036M,B23002D_036MA,B23002D_037E,B23002D_037EA,B23002D_037M,B23002D_037MA,B23002D_038E,B23002D_038EA,B23002D_038M,B23002D_038MA,B23002D_039E,B23002D_039EA,B23002D_039M,B23002D_039MA,B23002D_040E,B23002D_040EA,B23002D_040M,B23002D_040MA,B23002D_041E,B23002D_041EA,B23002D_041M,B23002D_041MA,B23002D_042E,B23002D_042EA,B23002D_042M,B23002D_042MA,B23002D_043E,B23002D_043EA,B23002D_043M,B23002D_043MA,B23002D_044E,B23002D_044EA,B23002D_044M,B23002D_044MA,B23002D_045E,B23002D_045EA,B23002D_045M,B23002D_045MA,B23002D_046E,B23002D_046EA,B23002D_046M,B23002D_046MA,B23002D_047E,B23002D_047EA,B23002D_047M,B23002D_047MA,B23002D_048E,B23002D_048EA,B23002D_048M,B23002D_048MA,B23002D_049E,B23002D_049EA,B23002D_049M,B23002D_049MA,B23002D_050E,B23002D_050EA,B23002D_050M,B23002D_050MA,B23002D_051E,B23002D_051EA,B23002D_051M,B23002D_051MA,B23002D_052E,B23002D_052EA,B23002D_052M,B23002D_052MA,B23002D_053E,B23002D_053EA,B23002D_053M,B23002D_053MA,B23002D_054E,B23002D_054EA,B23002D_054M,B23002D_054MA,B23002D_055E,B23002D_055EA,B23002D_055M,B23002D_055MA,B23002D_056E,B23002D_056EA,B23002D_056M,B23002D_056MA,B23002D_057E,B23002D_057EA,B23002D_057M,B23002D_057MA,B23002D_058E,B23002D_058EA,B23002D_058M,B23002D_058MA,B23002D_059E,B23002D_059EA,B23002D_059M,B23002D_059MA,B23002D_060E,B23002D_060EA,B23002D_060M,B23002D_060MA,B23002D_061E,B23002D_061EA,B23002D_061M,B23002D_061MA,B23002D_062E,B23002D_062EA,B23002D_062M,B23002D_062MA,B23002D_063E,B23002D_063EA,B23002D_063M,B23002D_063MA,B23002D_064E,B23002D_064EA,B23002D_064M,B23002D_064MA,B23002D_065E,B23002D_065EA,B23002D_065M,B23002D_065MA,B23002D_066E,B23002D_066EA,B23002D_066M,B23002D_066MA,B23002D_067E,B23002D_067EA,B23002D_067M,B23002D_067MA,B23002D_068E,B23002D_068EA,B23002D_068M,B23002D_068MA,B23002D_069E,B23002D_069EA,B23002D_069M,B23002D_069MA,B23002D_070E,B23002D_070EA,B23002D_070M,B23002D_070MA,B23002D_071E,B23002D_071EA,B23002D_071M,B23002D_071MA,B23002D_072E,B23002D_072EA,B23002D_072M,B23002D_072MA,B23002D_073E,B23002D_073EA,B23002D_073M,B23002D_073MA,B23002D_074E,B23002D_074EA,B23002D_074M,B23002D_074MA,B23002D_075E,B23002D_075EA,B23002D_075M,B23002D_075MA,B23002D_076E,B23002D_076EA,B23002D_076M,B23002D_076MA,B23002D_077E,B23002D_077EA,B23002D_077M,B23002D_077MA,B23002D_078E,B23002D_078EA,B23002D_078M,B23002D_078MA,B23002D_079E,B23002D_079EA,B23002D_079M,B23002D_079MA,GEO_ID,NAME,state
39729,null,1767,null,18623,null,1238,null,2109,null,762,null,542,null,327,null,67,null,132,null,475,null,316,null,444,null,317,null,31,null,52,null,1567,null,723,null,1528,null,626,null,946,null,405,null,291,null,332,null,655,null,310,null,489,null,256,null,166,null,164,null,582,null,462,null,11922,null,880,null,10653,null,950,null,64,null,91,null,10589,null,952,null,10390,null,958,null,199,null,168,null,1269,null,632,null,1361,null,595,null,1243,null,574,null,0,null,273,null,1243,null,574,null,1243,null,574,null,0,null,273,null,118,null,134,null,1247,null,436,null,553,null,394,null,553,null,394,null,0,null,273,null,694,null,365,null,456,null,316,null,202,null,193,null,138,null,169,null,64,null,102,null,254,null,247,null,21106,null,1506,null,1267,null,610,null,271,null,253,null,0,null,273,null,271,null,253,null,249,null,244,null,22,null,47,null,996,null,492,null,1790,null,676,null,845,null,435,null,0,null,273,null,845,null,435,null,784,null,425,null,61,null,104,null,945,null,469,null,13179,null,1043,null,8077,null,1380,null,199,null,275,null,7878,null,1341,null,7747,null,1355,null,131,null,209,null,5102,null,1126,null,2875,null,693,null,1639,null,676,null,0,null,273,null,1639,null,676,null,1639,null,676,null,0,null,273,null,1236,null,468,null,801,null,465,null,379,null,370,null,379,null,370,null,0,null,273,null,422,null,296,null,1194,null,630,null,167,null,234,null,57,null,93,null,110,null,214,null,1027,null,556,null,0400000US01,Alabama,01
null,null,null,null,null,null,null,null,null,null,null,null,null,null,null,null,null,null,null,null,null,null,null,null,null,null,null,null,null,null,null,null,null,null,null,null,null,null,null,null,null,null,null,null,null,null,null,null,null,null,null,null,null,null,null,null,null,null,null,null,null,null,null,null,null,null,null,null,null,null,null,null,null,null,null,null,null,null,null,null,null,null,null,null,null,null,null,null,null,null,null,null,null,null,null,null,null,null,null,null,null,null,null,null,null,null,null,null,null,null,null,null,null,null,null,null,null,null,null,null,null,null,null,null,null,null,null,null,null,null,null,null,null,null,null,null,null,null,null,null,null,null,null,null,null,null,null,null,null,null,null,null,null,null,null,null,null,null,null,null,null,null,null,null,null,null,null,null,null,null,null,null,null,null,null,null,null,null,null,null,null,null,null,null,null,null,null,null,null,null,null,null,null,null,null,null,null,null,null,null,null,null,null,null,null,null,null,null,null,null,null,null,null,null,null,null,null,null,null,null,null,null,null,null,null,null,null,null,null,null,null,null,null,null,null,null,null,null,null,null,null,null,null,null,null,null,null,null,null,null,null,null,null,null,null,null,null,null,null,null,null,null,null,null,null,null,null,null,null,null,null,null,null,null,null,null,null,null,null,null,null,null,null,null,null,null,null,null,null,null,null,null,null,null,null,null,null,null,null,null,null,null,null,null,null,null,null,null,null,null,null,null,null,null,null,null,0400000US02,Alaska,02
133781,null,2621,null,62631,null,2315,null,3480,null,982,null,1434,null,678,null,0,null,305,null,1434,null,678,null,773,null,576,null,661,null,498,null,2046,null,713,null,7758,null,1561,null,5417,null,1636,null,249,null,327,null,5168,null,1651,null,4462,null,1502,null,706,null,511,null,2341,null,657,null,39272,null,1218,null,35652,null,1672,null,11,null,21,null,35641,null,1673,null,33202,null,1830,null,2439,null,893,null,3620,null,1354,null,5750,null,699,null,4311,null,847,null,0,null,305,null,4311,null,847,null,3946,null,820,null,365,null,271,null,1439,null,530,null,2198,null,762,null,800,null,516,null,633,null,462,null,167,null,218,null,1398,null,615,null,4173,null,804,null,1079,null,707,null,1001,null,692,null,78,null,140,null,3094,null,583,null,71150,null,1654,null,3639,null,761,null,1249,null,560,null,0,null,305,null,1249,null,560,null,883,null,483,null,366,null,331,null,2390,null,643,null,5246,null,1014,null,3480,null,919,null,0,null,305,null,3480,null,919,null,2169,null,758,null,1311,null,760,null,1766,null,587,null,44628,null,1276,null,32339,null,2163,null,71,null,117,null,32268,null,2144,null,29929,null,2161,null,2339,null,799,null,12289,null,1953,null,8965,null,631,null,4456,null,629,null,0,null,305,null,4456,null,629,null,4134,null,608,null,322,null,177,null,4509,null,812,null,1767,null,608,null,280,null,227,null,257,null,224,null,23,null,38,null,1487,null,606,null,6905,null,692,null,384,null,342,null,384,null,342,null,0,null,305,null,6521,null,767,null,0400000US04,Arizona,04
null,null,null,null,null,null,null,null,null,null,null,null,null,null,null,null,null,null,null,null,null,null,null,null,null,null,null,null,null,null,null,null,null,null,null,null,null,null,null,null,null,null,null,null,null,null,null,null,null,null,null,null,null,null,null,null,null,null,null,null,null,null,null,null,null,null,null,null,null,null,null,null,null,null,null,null,null,null,null,null,null,null,null,null,null,null,null,null,null,null,null,null,null,null,null,null,null,null,null,null,null,null,null,null,null,null,null,null,null,null,null,null,null,null,null,null,null,null,null,null,null,null,null,null,null,null,null,null,null,null,null,null,null,null,null,null,null,null,null,null,null,null,null,null,null,null,null,null,null,null,null,null,null,null,null,null,null,null,null,null,null,null,null,null,null,null,null,null,null,null,null,null,null,null,null,null,null,null,null,null,null,null,null,null,null,null,null,null,null,null,null,null,null,null,null,null,null,null,null,null,null,null,null,null,null,null,null,null,null,null,null,null,null,null,null,null,null,null,null,null,null,null,null,null,null,null,null,null,null,null,null,null,null,null,null,null,null,null,null,null,null,null,null,null,null,null,null,null,null,null,null,null,null,null,null,null,null,null,null,null,null,null,null,null,null,null,null,null,null,null,null,null,null,null,null,null,null,null,null,null,null,null,null,null,null,null,null,null,null,null,null,null,null,null,null,null,null,null,null,null,null,null,null,null,null,null,null,null,null,null,null,null,null,null,null,null,0400000US05,Arkansas,05
3775494,null,9912,null,1779885,null,6504,null,113843,null,3141,null,22555,null,1915,null,462,null,277,null,22093,null,1879,null,13218,null,1602,null,8875,null,1266,null,91288,null,3262,null,145938,null,2429,null,87146,null,3402,null,1661,null,691,null,85485,null,3467,null,71108,null,3561,null,14377,null,1901,null,58792,null,2638,null,1053238,null,5567,null,945880,null,7356,null,7671,null,1601,null,938209,null,7545,null,867445,null,8435,null,70764,null,5109,null,107358,null,4537,null,239293,null,1471,null,180514,null,3520,null,0,null,294,null,180514,null,3520,null,165283,null,3711,null,15231,null,1603,null,58779,null,3572,null,77354,null,3467,null,27579,null,2297,null,25014,null,2216,null,2565,null,674,null,49775,null,2879,null,150219,null,3607,null,13090,null,1484,null,12238,null,1443,null,852,null,395,null,137129,null,3593,null,1995609,null,6895,null,110099,null,3186,null,23365,null,2086,null,78,null,130,null,23287,null,2092,null,16713,null,1944,null,6574,null,1112,null,86734,null,3607,null,142246,null,2466,null,83136,null,3370,null,186,null,150,null,82950,null,3374,null,73041,null,3190,null,9909,null,1601,null,59110,null,3481,null,1153162,null,4508,null,876295,null,8631,null,1376,null,583,null,874919,null,8737,null,808004,null,9501,null,66915,null,3853,null,276867,null,7772,null,281521,null,1669,null,169777,null,4261,null,0,null,294,null,169777,null,4261,null,157221,null,4231,null,12556,null,1536,null,111744,null,4182,null,87059,null,3276,null,21038,null,1877,null,19784,null,1953,null,1254,null,488,null,66021,null,3038,null,221522,null,3366,null,11059,null,1668,null,9889,null,1568,null,1170,null,529,null,210463,null,3852,null,0400000US06,California,06
102822,null,2836,null,46272,null,2048,null,2419,null,639,null,972,null,422,null,78,null,123,null,894,null,410,null,711,null,429,null,183,null,122,null,1447,null,548,null,4961,null,1032,null,3355,null,819,null,248,null,171,null,3107,null,812,null,2978,null,837,null,129,null,130,null,1606,null,715,null,30133,null,1770,null,26844,null,1810,null,300,null,363,null,26544,null,1816,null,25627,null,1886,null,917,null,545,null,3289,null,1055,null,4350,null,699,null,3260,null,734,null,0,null,279,null,3260,null,734,null,3037,null,718,null,223,null,220,null,1090,null,507,null,1335,null,455,null,550,null,326,null,550,null,326,null,0,null,279,null,785,null,382,null,3074,null,709,null,121,null,146,null,121,null,146,null,0,null,279,null,2953,null,735,null,56550,null,1895,null,3317,null,827,null,1830,null,772,null,0,null,279,null,1830,null,772,null,1626,null,712,null,204,null,223,null,1487,null,530,null,5273,null,1152,null,3261,null,588,null,55,null,91,null,3206,null,603,null,2932,null,618,null,274,null,193,null,2012,null,1019,null,34405,null,1357,null,25905,null,1735,null,126,null,154,null,25779,null,1741,null,24802,null,1719,null,977,null,496,null,8500,null,1226,null,6413,null,580,null,3315,null,688,null,0,null,279,null,3315,null,688,null,3077,null,663,null,238,null,200,null,3098,null,557,null,2049,null,584,null,402,null,272,null,370,null,267,null,32,null,59,null,1647,null,574,null,5093,null,767,null,257,null,273,null,257,null,273,null,0,null,279,null,4836,null,762,null,0400000US08,Colorado,08
96202,null,1308,null,46817,null,929,null,3594,null,837,null,1608,null,670,null,89,null,145,null,1519,null,657,null,920,null,465,null,599,null,412,null,1986,null,663,null,3921,null,897,null,2779,null,753,null,0,null,277,null,2779,null,753,null,2580,null,741,null,199,null,186,null,1142,null,687,null,31007,null,854,null,29335,null,983,null,53,null,88,null,29282,null,989,null,28085,null,1131,null,1197,null,583,null,1672,null,637,null,4943,null,441,null,4411,null,516,null,0,null,277,null,4411,null,516,null,4108,null,576,null,303,null,246,null,532,null,295,null,1163,null,446,null,573,null,327,null,334,null,248,null,239,null,230,null,590,null,369,null,2189,null,508,null,481,null,359,null,284,null,313,null,197,null,216,null,1708,null,518,null,49385,null,1087,null,4225,null,958,null,1068,null,476,null,0,null,277,null,1068,null,476,null,874,null,401,null,194,null,205,null,3157,null,855,null,3518,null,599,null,1688,null,470,null,0,null,277,null,1688,null,470,null,1583,null,455,null,105,null,112,null,1830,null,537,null,32145,null,979,null,23607,null,1675,null,0,null,277,null,23607,null,1675,null,21935,null,1680,null,1672,null,614,null,8538,null,1286,null,5564,null,624,null,3373,null,787,null,0,null,277,null,3373,null,787,null,3054,null,752,null,319,null,315,null,2191,null,850,null,1769,null,596,null,257,null,212,null,186,null,161,null,71,null,125,null,1512,null,584,null,2164,null,535,null,135,null,167,null,135,null,167,null,0,null,277,null,2029,null,532,null,0400000US09,Connecticut,09
null,null,null,null,null,null,null,null,null,null,null,null,null,null,null,null,null,null,null,null,null,null,null,null,null,null,null,null,null,null,null,null,null,null,null,null,null,null,null,null,null,null,null,null,null,null,null,null,null,null,null,null,null,null,null,null,null,null,null,null,null,null,null,null,null,null,null,null,null,null,null,null,null,null,null,null,null,null,null,null,null,null,null,null,null,null,null,null,null,null,null,null,null,null,null,null,null,null,null,null,null,null,null,null,null,null,null,null,null,null,null,null,null,null,null,null,null,null,null,null,null,null,null,null,null,null,null,null,null,null,null,null,null,null,null,null,null,null,null,null,null,null,null,null,null,null,null,null,null,null,null,null,null,null,null,null,null,null,null,null,null,null,null,null,null,null,null,null,null,null,null,null,null,null,null,null,null,null,null,null,null,null,null,null,null,null,null,null,null,null,null,null,null,null,null,null,null,null,null,null,null,null,null,null,null,null,null,null,null,null,null,null,null,null,null,null,null,null,null,null,null,null,null,null,null,null,null,null,null,null,null,null,null,null,null,null,null,null,null,null,null,null,null,null,null,null,null,null,null,null,null,null,null,null,null,null,null,null,null,null,null,null,null,null,null,null,null,null,null,null,null,null,null,null,null,null,null,null,null,null,null,null,null,null,null,null,null,null,null,null,null,null,null,null,null,null,null,null,null,null,null,null,null,null,null,null,null,null,null,null,null,null,null,null,null,null,0400000US10,Delaware,10
null,null,null,null,null,null,null,null,null,null,null,null,null,null,null,null,null,null,null,null,null,null,null,null,null,null,null,null,null,null,null,null,null,null,null,null,null,null,null,null,null,null,null,null,null,null,null,null,null,null,null,null,null,null,null,null,null,null,null,null,null,null,null,null,null,null,null,null,null,null,null,null,null,null,null,null,null,null,null,null,null,null,null,null,null,null,null,null,null,null,null,null,null,null,null,null,null,null,null,null,null,null,null,null,null,null,null,null,null,null,null,null,null,null,null,null,null,null,null,null,null,null,null,null,null,null,null,null,null,null,null,null,null,null,null,null,null,null,null,null,null,null,null,null,null,null,null,null,null,null,null,null,null,null,null,null,null,null,null,null,null,null,null,null,null,null,null,null,null,null,null,null,null,null,null,null,null,null,null,null,null,null,null,null,null,null,null,null,null,null,null,null,null,null,null,null,null,null,null,null,null,null,null,null,null,null,null,null,null,null,null,null,null,null,null,null,null,null,null,null,null,null,null,null,null,null,null,null,null,null,null,null,null,null,null,null,null,null,null,null,null,null,null,null,null,null,null,null,null,null,null,null,null,null,null,null,null,null,null,null,null,null,null,null,null,null,null,null,null,null,null,null,null,null,null,null,null,null,null,null,null,null,null,null,null,null,null,null,null,null,null,null,null,null,null,null,null,null,null,null,null,null,null,null,null,null,null,null,null,null,null,null,null,null,null,null,0400000US11,District of Columbia,11
353790,null,4096,null,162034,null,3110,null,12227,null,1755,null,2633,null,782,null,0,null,305,null,2633,null,782,null,1942,null,711,null,691,null,365,null,9594,null,1414,null,14723,null,1525,null,8722,null,1318,null,0,null,305,null,8722,null,1318,null,7577,null,1224,null,1145,null,453,null,6001,null,1390,null,97818,null,2099,null,90740,null,2301,null,591,null,408,null,90149,null,2329,null,84297,null,2477,null,5852,null,1489,null,7078,null,1398,null,20244,null,1201,null,16635,null,1399,null,0,null,305,null,16635,null,1399,null,15112,null,1338,null,1523,null,413,null,3609,null,835,null,6668,null,1128,null,2377,null,708,null,2316,null,696,null,61,null,91,null,4291,null,1116,null,10354,null,1172,null,1553,null,612,null,1417,null,626,null,136,null,157,null,8801,null,1223,null,191756,null,2940,null,10653,null,1794,null,3982,null,1147,null,0,null,305,null,3982,null,1147,null,2814,null,1078,null,1168,null,587,null,6671,null,1277,null,12297,null,1359,null,7967,null,1372,null,0,null,305,null,7967,null,1372,null,7247,null,1330,null,720,null,429,null,4330,null,879,null,118603,null,2297,null,86394,null,3470,null,320,null,223,null,86074,null,3468,null,79450,null,3215,null,6624,null,1386,null,32209,null,2763,null,25741,null,1312,null,15228,null,1528,null,0,null,305,null,15228,null,1528,null,13635,null,1610,null,1593,null,512,null,10513,null,1495,null,8732,null,1197,null,2067,null,668,null,1880,null,649,null,187,null,244,null,6665,null,1124,null,15730,null,1528,null,1420,null,601,null,1239,null,545,null,181,null,177,null,14310,null,1380,null,0400000US12,Florida,12
225446,null,3860,null,110440,null,2959,null,9775,null,1497,null,2116,null,767,null,328,null,543,null,1788,null,574,null,1254,null,446,null,534,null,326,null,7659,null,1209,null,10663,null,1641,null,6365,null,1264,null,248,null,289,null,6117,null,1236,null,5021,null,1082,null,1096,null,747,null,4298,null,1305,null,71036,null,2127,null,64781,null,2152,null,300,null,239,null,64481,null,2144,null,60300,null,2408,null,4181,null,1223,null,6255,null,1506,null,10606,null,943,null,8041,null,1097,null,0,null,296,null,8041,null,1097,null,6869,null,1188,null,1172,null,495,null,2565,null,834,null,2863,null,774,null,1409,null,536,null,1287,null,491,null,122,null,142,null,1454,null,535,null,5497,null,1018,null,697,null,366,null,697,null,366,null,0,null,296,null,4800,null,1000,null,115006,null,2358,null,7864,null,1230,null,2014,null,632,null,0,null,296,null,2014,null,632,null,1698,null,598,null,316,null,268,null,5850,null,1131,null,9339,null,1034,null,5048,null,953,null,26,null,45,null,5022,null,957,null,4075,null,908,null,947,null,617,null,4291,null,958,null,74549,null,1928,null,51673,null,2349,null,113,null,149,null,51560,null,2362,null,47236,null,2311,null,4324,null,926,null,22876,null,2041,null,13532,null,815,null,6482,null,1051,null,0,null,296,null,6482,null,1051,null,6036,null,1007,null,446,null,334,null,7050,null,888,null,3617,null,825,null,742,null,373,null,742,null,373,null,0,null,296,null,2875,null,795,null,6105,null,821,null,149,null,178,null,149,null,178,null,0,null,296,null,5956,null,775,null,0400000US13,Georgia,13
421270,null,7674,null,193386,null,4625,null,11094,null,941,null,4002,null,870,null,0,null,275,null,4002,null,870,null,3451,null,826,null,551,null,264,null,7092,null,881,null,10940,null,1345,null,8826,null,1312,null,238,null,204,null,8588,null,1342,null,7646,null,1279,null,942,null,414,null,2114,null,671,null,93039,null,3554,null,84934,null,3262,null,1910,null,660,null,83024,null,3292,null,78410,null,3168,null,4614,null,1071,null,8105,null,1396,null,33245,null,1205,null,26119,null,1510,null,252,null,286,null,25867,null,1526,null,24910,null,1464,null,957,null,475,null,7126,null,1246,null,12007,null,1162,null,4806,null,914,null,4496,null,856,null,310,null,208,null,7201,null,1103,null,33061,null,1207,null,4125,null,773,null,4027,null,749,null,98,null,116,null,28936,null,1166,null,227884,null,4446,null,7859,null,1031,null,2590,null,669,null,0,null,275,null,2590,null,669,null,2408,null,643,null,182,null,158,null,5269,null,879,null,11327,null,1233,null,8690,null,1213,null,46,null,77,null,8644,null,1225,null,7780,null,1116,null,864,null,516,null,2637,null,693,null,104524,null,2817,null,88674,null,3291,null,632,null,392,null,88042,null,3238,null,85679,null,3323,null,2363,null,682,null,15850,null,2065,null,37333,null,1240,null,25066,null,1448,null,0,null,275,null,25066,null,1448,null,24611,null,1479,null,455,null,253,null,12267,null,1430,null,13560,null,1191,null,4800,null,945,null,4716,null,933,null,84,null,117,null,8760,null,1058,null,53281,null,1371,null,4249,null,913,null,4046,null,919,null,203,null,167,null,49032,null,1450,null,0400000US15,Hawaii,15
null,null,null,null,null,null,null,null,null,null,null,null,null,null,null,null,null,null,null,null,null,null,null,null,null,null,null,null,null,null,null,null,null,null,null,null,null,null,null,null,null,null,null,null,null,null,null,null,null,null,null,null,null,null,null,null,null,null,null,null,null,null,null,null,null,null,null,null,null,null,null,null,null,null,null,null,null,null,null,null,null,null,null,null,null,null,null,null,null,null,null,null,null,null,null,null,null,null,null,null,null,null,null,null,null,null,null,null,null,null,null,null,null,null,null,null,null,null,null,null,null,null,null,null,null,null,null,null,null,null,null,null,null,null,null,null,null,null,null,null,null,null,null,null,null,null,null,null,null,null,null,null,null,null,null,null,null,null,null,null,null,null,null,null,null,null,null,null,null,null,null,null,null,null,null,null,null,null,null,null,null,null,null,null,null,null,null,null,null,null,null,null,null,null,null,null,null,null,null,null,null,null,null,null,null,null,null,null,null,null,null,null,null,null,null,null,null,null,null,null,null,null,null,null,null,null,null,null,null,null,null,null,null,null,null,null,null,null,null,null,null,null,null,null,null,null,null,null,null,null,null,null,null,null,null,null,null,null,null,null,null,null,null,null,null,null,null,null,null,null,null,null,null,null,null,null,null,null,null,null,null,null,null,null,null,null,null,null,null,null,null,null,null,null,null,null,null,null,null,null,null,null,null,null,null,null,null,null,null,null,null,null,null,null,null,null,0400000US16,Idaho,16
445467,null,3643,null,216808,null,2537,null,16689,null,1530,null,4975,null,968,null,0,null,269,null,4975,null,968,null,3592,null,803,null,1383,null,618,null,11714,null,1432,null,19982,null,1409,null,11970,null,1431,null,0,null,269,null,11970,null,1431,null,10328,null,1409,null,1642,null,588,null,8012,null,1311,null,132404,null,1825,null,123174,null,2474,null,194,null,211,null,122980,null,2484,null,113359,null,2811,null,9621,null,1781,null,9230,null,1651,null,26346,null,750,null,21243,null,1101,null,0,null,269,null,21243,null,1101,null,19546,null,1157,null,1697,null,553,null,5103,null,1049,null,9440,null,1010,null,4583,null,916,null,4474,null,907,null,109,null,134,null,4857,null,987,null,11947,null,967,null,1346,null,475,null,1197,null,473,null,149,null,180,null,10601,null,957,null,228659,null,2544,null,13532,null,1198,null,4375,null,1171,null,0,null,269,null,4375,null,1171,null,3407,null,1021,null,968,null,583,null,9157,null,1289,null,18563,null,1079,null,11597,null,1540,null,123,null,190,null,11474,null,1524,null,9767,null,1386,null,1707,null,611,null,6966,null,1265,null,137950,null,1774,null,102840,null,2842,null,0,null,269,null,102840,null,2842,null,96484,null,2964,null,6356,null,1354,null,35110,null,2932,null,30526,null,970,null,19217,null,1442,null,0,null,269,null,19217,null,1442,null,18159,null,1446,null,1058,null,549,null,11309,null,1346,null,10080,null,1234,null,2094,null,655,null,2047,null,654,null,47,null,81,null,7986,null,1189,null,18008,null,1184,null,1482,null,558,null,1482,null,558,null,0,null,269,null,16526,null,1181,null,0400000US17,Illinois,17
69791,null,1900,null,32227,null,1504,null,2088,null,597,null,739,null,324,null,0,null,269,null,739,null,324,null,739,null,324,null,0,null,269,null,1349,null,461,null,5872,null,1389,null,2980,null,933,null,0,null,269,null,2980,null,933,null,2617,null,949,null,363,null,195,null,2892,null,1085,null,19594,null,1791,null,17321,null,1799,null,231,null,279,null,17090,null,1745,null,16223,null,1766,null,867,null,482,null,2273,null,681,null,2153,null,748,null,1749,null,718,null,0,null,269,null,1749,null,718,null,1685,null,714,null,64,null,102,null,404,null,272,null,1018,null,406,null,518,null,302,null,518,null,302,null,0,null,269,null,500,null,303,null,1502,null,542,null,199,null,214,null,199,null,214,null,0,null,269,null,1303,null,522,null,37564,null,1851,null,2801,null,750,null,569,null,337,null,0,null,269,null,569,null,337,null,569,null,337,null,0,null,269,null,2232,null,734,null,4081,null,928,null,2733,null,674,null,0,null,269,null,2733,null,674,null,2351,null,630,null,382,null,361,null,1348,null,685,null,24114,null,1473,null,14862,null,1670,null,0,null,269,null,14862,null,1670,null,13747,null,1635,null,1115,null,538,null,9252,null,1289,null,3184,null,809,null,1294,null,485,null,0,null,269,null,1294,null,485,null,1294,null,485,null,0,null,269,null,1890,null,627,null,1518,null,548,null,495,null,316,null,368,null,284,null,127,null,194,null,1023,null,497,null,1866,null,722,null,0,null,269,null,0,null,269,null,0,null,269,null,1866,null,722,null,0400000US18,Indiana,18
35905,null,1742,null,15967,null,1444,null,993,null,464,null,272,null,244,null,0,null,228,null,272,null,244,null,272,null,244,null,0,null,228,null,721,null,387,null,2242,null,624,null,1838,null,607,null,0,null,228,null,1838,null,607,null,1797,null,601,null,41,null,75,null,404,null,319,null,10186,null,1339,null,8834,null,1211,null,0,null,228,null,8834,null,1211,null,8548,null,1128,null,286,null,281,null,1352,null,726,null,1700,null,451,null,1145,null,353,null,0,null,228,null,1145,null,353,null,1145,null,353,null,0,null,228,null,555,null,340,null,195,null,127,null,62,null,73,null,62,null,73,null,0,null,228,null,133,null,112,null,651,null,289,null,162,null,172,null,114,null,139,null,48,null,95,null,489,null,265,null,19938,null,1389,null,1366,null,708,null,473,null,313,null,0,null,228,null,473,null,313,null,404,null,305,null,69,null,91,null,893,null,682,null,2490,null,895,null,1462,null,691,null,0,null,228,null,1462,null,691,null,1462,null,691,null,0,null,228,null,1028,null,548,null,13149,null,1264,null,8594,null,1167,null,0,null,228,null,8594,null,1167,null,8233,null,1175,null,361,null,242,null,4555,null,1015,null,1795,null,479,null,1149,null,309,null,0,null,228,null,1149,null,309,null,1149,null,309,null,0,null,228,null,646,null,338,null,574,null,288,null,178,null,180,null,178,null,180,null,0,null,228,null,396,null,268,null,564,null,315,null,0,null,228,null,0,null,228,null,0,null,228,null,564,null,315,null,0400000US19,Iowa,19
48133,null,1381,null,22513,null,1041,null,1858,null,601,null,327,null,223,null,0,null,244,null,327,null,223,null,177,null,164,null,150,null,176,null,1531,null,563,null,3200,null,712,null,1994,null,694,null,125,null,221,null,1869,null,663,null,1670,null,716,null,199,null,281,null,1206,null,488,null,13822,null,1044,null,12791,null,1001,null,0,null,244,null,12791,null,1001,null,12221,null,1086,null,570,null,414,null,1031,null,388,null,2111,null,293,null,1639,null,302,null,0,null,244,null,1639,null,302,null,1607,null,299,null,32,null,40,null,472,null,286,null,778,null,390,null,632,null,366,null,632,null,366,null,0,null,244,null,146,null,155,null,744,null,270,null,320,null,246,null,320,null,246,null,0,null,244,null,424,null,217,null,25620,null,970,null,1509,null,573,null,387,null,380,null,0,null,244,null,387,null,380,null,238,null,205,null,149,null,243,null,1122,null,433,null,3177,null,802,null,1681,null,652,null,74,null,125,null,1607,null,634,null,1553,null,632,null,54,null,85,null,1496,null,663,null,16067,null,1035,null,11954,null,1164,null,41,null,85,null,11913,null,1158,null,11376,null,1148,null,537,null,326,null,4113,null,726,null,3441,null,527,null,2237,null,560,null,0,null,244,null,2237,null,560,null,2185,null,562,null,52,null,92,null,1204,null,467,null,355,null,196,null,71,null,90,null,71,null,90,null,0,null,244,null,284,null,179,null,1071,null,252,null,106,null,126,null,106,null,126,null,0,null,244,null,965,null,222,null,0400000US20,Kansas,20
null,null,null,null,null,null,null,null,null,null,null,null,null,null,null,null,null,null,null,null,null,null,null,null,null,null,null,null,null,null,null,null,null,null,null,null,null,null,null,null,null,null,null,null,null,null,null,null,null,null,null,null,null,null,null,null,null,null,null,null,null,null,null,null,null,null,null,null,null,null,null,null,null,null,null,null,null,null,null,null,null,null,null,null,null,null,null,null,null,null,null,null,null,null,null,null,null,null,null,null,null,null,null,null,null,null,null,null,null,null,null,null,null,null,null,null,null,null,null,null,null,null,null,null,null,null,null,null,null,null,null,null,null,null,null,null,null,null,null,null,null,null,null,null,null,null,null,null,null,null,null,null,null,null,null,null,null,null,null,null,null,null,null,null,null,null,null,null,null,null,null,null,null,null,null,null,null,null,null,null,null,null,null,null,null,null,null,null,null,null,null,null,null,null,null,null,null,null,null,null,null,null,null,null,null,null,null,null,null,null,null,null,null,null,null,null,null,null,null,null,null,null,null,null,null,null,null,null,null,null,null,null,null,null,null,null,null,null,null,null,null,null,null,null,null,null,null,null,null,null,null,null,null,null,null,null,null,null,null,null,null,null,null,null,null,null,null,null,null,null,null,null,null,null,null,null,null,null,null,null,null,null,null,null,null,null,null,null,null,null,null,null,null,null,null,null,null,null,null,null,null,null,null,null,null,null,null,null,null,null,null,null,null,null,null,null,0400000US21,Kentucky,21
50722,null,2086,null,23687,null,1523,null,2520,null,847,null,1163,null,664,null,0,null,281,null,1163,null,664,null,1007,null,631,null,156,null,182,null,1357,null,473,null,1574,null,539,null,1061,null,462,null,84,null,131,null,977,null,474,null,977,null,474,null,0,null,281,null,513,null,313,null,15232,null,1499,null,13315,null,1707,null,98,null,138,null,13217,null,1700,null,12696,null,1639,null,521,null,446,null,1917,null,670,null,2767,null,680,null,2007,null,577,null,0,null,281,null,2007,null,577,null,1756,null,529,null,251,null,222,null,760,null,408,null,545,null,391,null,325,null,352,null,325,null,352,null,0,null,281,null,220,null,235,null,1049,null,414,null,104,null,115,null,104,null,115,null,0,null,281,null,945,null,410,null,27035,null,1280,null,931,null,505,null,424,null,329,null,0,null,281,null,424,null,329,null,424,null,329,null,0,null,281,null,507,null,350,null,2925,null,788,null,1826,null,776,null,0,null,281,null,1826,null,776,null,1399,null,680,null,427,null,429,null,1099,null,553,null,16403,null,1229,null,11166,null,1364,null,115,null,122,null,11051,null,1406,null,10484,null,1394,null,567,null,374,null,5237,null,1158,null,4070,null,907,null,2007,null,694,null,0,null,281,null,2007,null,694,null,2007,null,694,null,0,null,281,null,2063,null,721,null,632,null,334,null,257,null,223,null,257,null,223,null,0,null,281,null,375,null,239,null,2074,null,689,null,84,null,98,null,84,null,98,null,0,null,281,null,1990,null,670,null,0400000US22,Louisiana,22
null,null,null,null,null,null,null,null,null,null,null,null,null,null,null,null,null,null,null,null,null,null,null,null,null,null,null,null,null,null,null,null,null,null,null,null,null,null,null,null,null,null,null,null,null,null,null,null,null,null,null,null,null,null,null,null,null,null,null,null,null,null,null,null,null,null,null,null,null,null,null,null,null,null,null,null,null,null,null,null,null,null,null,null,null,null,null,null,null,null,null,null,null,null,null,null,null,null,null,null,null,null,null,null,null,null,null,null,null,null,null,null,null,null,null,null,null,null,null,null,null,null,null,null,null,null,null,null,null,null,null,null,null,null,null,null,null,null,null,null,null,null,null,null,null,null,null,null,null,null,null,null,null,null,null,null,null,null,null,null,null,null,null,null,null,null,null,null,null,null,null,null,null,null,null,null,null,null,null,null,null,null,null,null,null,null,null,null,null,null,null,null,null,null,null,null,null,null,null,null,null,null,null,null,null,null,null,null,null,null,null,null,null,null,null,null,null,null,null,null,null,null,null,null,null,null,null,null,null,null,null,null,null,null,null,null,null,null,null,null,null,null,null,null,null,null,null,null,null,null,null,null,null,null,null,null,null,null,null,null,null,null,null,null,null,null,null,null,null,null,null,null,null,null,null,null,null,null,null,null,null,null,null,null,null,null,null,null,null,null,null,null,null,null,null,null,null,null,null,null,null,null,null,null,null,null,null,null,null,null,null,null,null,null,null,null,0400000US23,Maine,23
232819,null,2512,null,110983,null,1550,null,7189,null,987,null,1580,null,507,null,0,null,285,null,1580,null,507,null,1091,null,430,null,489,null,318,null,5609,null,970,null,8534,null,995,null,4542,null,807,null,169,null,185,null,4373,null,847,null,4084,null,803,null,289,null,224,null,3992,null,816,null,68358,null,1222,null,63240,null,1461,null,501,null,347,null,62739,null,1552,null,60687,null,1744,null,2052,null,674,null,5118,null,1211,null,14400,null,594,null,12074,null,958,null,0,null,285,null,12074,null,958,null,11345,null,919,null,729,null,493,null,2326,null,746,null,4968,null,782,null,2844,null,716,null,2739,null,711,null,105,null,125,null,2124,null,591,null,7534,null,923,null,1827,null,567,null,1735,null,573,null,92,null,97,null,5707,null,714,null,121836,null,1547,null,5946,null,950,null,1293,null,490,null,0,null,285,null,1293,null,490,null,858,null,353,null,435,null,293,null,4653,null,709,null,8310,null,821,null,5256,null,960,null,87,null,98,null,5169,null,964,null,4554,null,933,null,615,null,409,null,3054,null,703,null,76234,null,1376,null,58478,null,2434,null,209,null,195,null,58269,null,2459,null,55279,null,2746,null,2990,null,935,null,17756,null,2101,null,17102,null,724,null,11518,null,922,null,0,null,285,null,11518,null,922,null,10788,null,999,null,730,null,437,null,5584,null,819,null,4870,null,857,null,1835,null,624,null,1835,null,624,null,0,null,285,null,3035,null,733,null,9374,null,775,null,577,null,359,null,577,null,359,null,0,null,285,null,8797,null,805,null,0400000US24,Maryland,24
259954,null,2472,null,126289,null,1545,null,8653,null,1016,null,2119,null,603,null,0,null,283,null,2119,null,603,null,1348,null,495,null,771,null,407,null,6534,null,959,null,12525,null,1133,null,8061,null,1205,null,0,null,283,null,8061,null,1205,null,7404,null,1108,null,657,null,369,null,4464,null,1104,null,82687,null,1479,null,74817,null,1911,null,260,null,286,null,74557,null,1948,null,70050,null,2020,null,4507,null,1165,null,7870,null,1367,null,12650,null,713,null,9229,null,1008,null,0,null,283,null,9229,null,1008,null,8171,null,1017,null,1058,null,554,null,3421,null,857,null,3267,null,572,null,919,null,397,null,871,null,393,null,48,null,74,null,2348,null,672,null,6507,null,765,null,672,null,357,null,554,null,341,null,118,null,100,null,5835,null,781,null,133665,null,1867,null,9462,null,1220,null,3485,null,1025,null,0,null,283,null,3485,null,1025,null,2876,null,902,null,609,null,441,null,5977,null,1320,null,14401,null,1081,null,9126,null,1220,null,0,null,283,null,9126,null,1220,null,7987,null,1135,null,1139,null,548,null,5275,null,949,null,84477,null,1404,null,65023,null,2130,null,0,null,283,null,65023,null,2130,null,59843,null,2319,null,5180,null,1255,null,19454,null,2039,null,13180,null,490,null,8140,null,930,null,0,null,283,null,8140,null,930,null,7348,null,1004,null,792,null,409,null,5040,null,881,null,4422,null,775,null,872,null,380,null,826,null,376,null,46,null,74,null,3550,null,777,null,7723,null,712,null,383,null,323,null,383,null,323,null,0,null,283,null,7340,null,737,null,0400000US25,Massachusetts,25
184250,null,2567,null,89200,null,1754,null,6045,null,767,null,1601,null,387,null,0,null,244,null,1601,null,387,null,1394,null,385,null,207,null,143,null,4444,null,694,null,10313,null,1112,null,4943,null,1090,null,0,null,244,null,4943,null,1090,null,4263,null,956,null,680,null,412,null,5370,null,969,null,56409,null,1423,null,51565,null,1683,null,121,null,194,null,51444,null,1704,null,48458,null,1854,null,2986,null,777,null,4844,null,1158,null,9201,null,703,null,6908,null,870,null,0,null,244,null,6908,null,870,null,6067,null,897,null,841,null,475,null,2293,null,691,null,3672,null,737,null,1602,null,546,null,1279,null,462,null,323,null,259,null,2070,null,698,null,3560,null,843,null,450,null,262,null,450,null,262,null,0,null,244,null,3110,null,830,null,95050,null,1679,null,7400,null,1074,null,1567,null,498,null,0,null,244,null,1567,null,498,null,1336,null,464,null,231,null,167,null,5833,null,1028,null,9066,null,1015,null,5177,null,857,null,0,null,244,null,5177,null,857,null,4301,null,758,null,876,null,318,null,3889,null,855,null,59738,null,1477,null,39170,null,2143,null,118,null,185,null,39052,null,2138,null,34361,null,2194,null,4691,null,1171,null,20568,null,2010,null,10251,null,927,null,6115,null,997,null,0,null,244,null,6115,null,997,null,5683,null,888,null,432,null,332,null,4136,null,935,null,3667,null,783,null,1241,null,584,null,860,null,434,null,381,null,362,null,2426,null,701,null,4928,null,834,null,456,null,302,null,374,null,282,null,82,null,135,null,4472,null,791,null,0400000US26,Michigan,26
141311,null,1976,null,67209,null,1375,null,6461,null,823,null,2890,null,735,null,0,null,213,null,2890,null,735,null,1719,null,588,null,1171,null,538,null,3571,null,626,null,8890,null,758,null,6472,null,1016,null,0,null,213,null,6472,null,1016,null,5296,null,956,null,1176,null,452,null,2418,null,836,null,43351,null,1092,null,38740,null,1369,null,0,null,213,null,38740,null,1369,null,36137,null,1622,null,2603,null,735,null,4611,null,1090,null,4547,null,500,null,2929,null,530,null,0,null,213,null,2929,null,530,null,2759,null,543,null,170,null,124,null,1618,null,545,null,2155,null,497,null,455,null,279,null,310,null,181,null,145,null,177,null,1700,null,497,null,1805,null,579,null,350,null,245,null,274,null,202,null,76,null,127,null,1455,null,530,null,74102,null,1543,null,6798,null,888,null,2314,null,672,null,0,null,213,null,2314,null,672,null,1647,null,436,null,667,null,391,null,4484,null,787,null,8518,null,909,null,6161,null,1023,null,0,null,213,null,6161,null,1023,null,4727,null,1039,null,1434,null,575,null,2357,null,652,null,46595,null,1329,null,34727,null,1640,null,0,null,213,null,34727,null,1640,null,32182,null,1687,null,2545,null,783,null,11868,null,1493,null,7184,null,609,null,3698,null,669,null,0,null,213,null,3698,null,669,null,3215,null,662,null,483,null,345,null,3486,null,712,null,1355,null,428,null,294,null,197,null,237,null,185,null,57,null,98,null,1061,null,423,null,3652,null,626,null,332,null,300,null,332,null,300,null,0,null,213,null,3320,null,575,null,0400000US27,Minnesota,27
null,null,null,null,null,null,null,null,null,null,null,null,null,null,null,null,null,null,null,null,null,null,null,null,null,null,null,null,null,null,null,null,null,null,null,null,null,null,null,null,null,null,null,null,null,null,null,null,null,null,null,null,null,null,null,null,null,null,null,null,null,null,null,null,null,null,null,null,null,null,null,null,null,null,null,null,null,null,null,null,null,null,null,null,null,null,null,null,null,null,null,null,null,null,null,null,null,null,null,null,null,null,null,null,null,null,null,null,null,null,null,null,null,null,null,null,null,null,null,null,null,null,null,null,null,null,null,null,null,null,null,null,null,null,null,null,null,null,null,null,null,null,null,null,null,null,null,null,null,null,null,null,null,null,null,null,null,null,null,null,null,null,null,null,null,null,null,null,null,null,null,null,null,null,null,null,null,null,null,null,null,null,null,null,null,null,null,null,null,null,null,null,null,null,null,null,null,null,null,null,null,null,null,null,null,null,null,null,null,null,null,null,null,null,null,null,null,null,null,null,null,null,null,null,null,null,null,null,null,null,null,null,null,null,null,null,null,null,null,null,null,null,null,null,null,null,null,null,null,null,null,null,null,null,null,null,null,null,null,null,null,null,null,null,null,null,null,null,null,null,null,null,null,null,null,null,null,null,null,null,null,null,null,null,null,null,null,null,null,null,null,null,null,null,null,null,null,null,null,null,null,null,null,null,null,null,null,null,null,null,null,null,null,null,null,null,0400000US28,Mississippi,28
68253,null,2285,null,33222,null,1579,null,2699,null,801,null,628,null,308,null,166,null,165,null,462,null,244,null,462,null,244,null,0,null,259,null,2071,null,760,null,3664,null,904,null,1860,null,580,null,67,null,77,null,1793,null,565,null,1604,null,525,null,189,null,175,null,1804,null,693,null,20271,null,1257,null,18512,null,1146,null,0,null,259,null,18512,null,1146,null,18066,null,1197,null,446,null,414,null,1759,null,685,null,3310,null,567,null,2894,null,530,null,0,null,259,null,2894,null,530,null,2807,null,504,null,87,null,153,null,416,null,193,null,1224,null,514,null,694,null,430,null,694,null,430,null,0,null,259,null,530,null,332,null,2054,null,594,null,307,null,212,null,307,null,212,null,0,null,259,null,1747,null,605,null,35031,null,1610,null,2854,null,844,null,1412,null,555,null,0,null,259,null,1412,null,555,null,1168,null,550,null,244,null,158,null,1442,null,536,null,3005,null,686,null,2034,null,710,null,0,null,259,null,2034,null,710,null,2034,null,710,null,0,null,259,null,971,null,518,null,21993,null,1086,null,15784,null,1433,null,173,null,183,null,15611,null,1462,null,14594,null,1508,null,1017,null,490,null,6209,null,1068,null,3927,null,578,null,2856,null,595,null,0,null,259,null,2856,null,595,null,2840,null,599,null,16,null,24,null,1071,null,404,null,971,null,425,null,469,null,315,null,469,null,315,null,0,null,259,null,502,null,273,null,2281,null,624,null,166,null,132,null,166,null,132,null,0,null,259,null,2115,null,611,null,0400000US29,Missouri,29
null,null,null,null,null,null,null,null,null,null,null,null,null,null,null,null,null,null,null,null,null,null,null,null,null,null,null,null,null,null,null,null,null,null,null,null,null,null,null,null,null,null,null,null,null,null,null,null,null,null,null,null,null,null,null,null,null,null,null,null,null,null,null,null,null,null,null,null,null,null,null,null,null,null,null,null,null,null,null,null,null,null,null,null,null,null,null,null,null,null,null,null,null,null,null,null,null,null,null,null,null,null,null,null,null,null,null,null,null,null,null,null,null,null,null,null,null,null,null,null,null,null,null,null,null,null,null,null,null,null,null,null,null,null,null,null,null,null,null,null,null,null,null,null,null,null,null,null,null,null,null,null,null,null,null,null,null,null,null,null,null,null,null,null,null,null,null,null,null,null,null,null,null,null,null,null,null,null,null,null,null,null,null,null,null,null,null,null,null,null,null,null,null,null,null,null,null,null,null,null,null,null,null,null,null,null,null,null,null,null,null,null,null,null,null,null,null,null,null,null,null,null,null,null,null,null,null,null,null,null,null,null,null,null,null,null,null,null,null,null,null,null,null,null,null,null,null,null,null,null,null,null,null,null,null,null,null,null,null,null,null,null,null,null,null,null,null,null,null,null,null,null,null,null,null,null,null,null,null,null,null,null,null,null,null,null,null,null,null,null,null,null,null,null,null,null,null,null,null,null,null,null,null,null,null,null,null,null,null,null,null,null,null,null,null,null,0400000US30,Montana,30
22300,null,1439,null,11020,null,973,null,1907,null,734,null,883,null,656,null,0,null,228,null,883,null,656,null,669,null,635,null,214,null,187,null,1024,null,521,null,1552,null,489,null,1052,null,366,null,73,null,1,null,979,null,366,null,979,null,366,null,0,null,228,null,500,null,315,null,5932,null,552,null,5224,null,593,null,0,null,228,null,5224,null,593,null,4990,null,602,null,234,null,180,null,708,null,340,null,971,null,472,null,796,null,433,null,0,null,228,null,796,null,433,null,796,null,433,null,0,null,228,null,175,null,166,null,425,null,290,null,176,null,223,null,90,null,105,null,86,null,189,null,249,null,207,null,233,null,173,null,0,null,228,null,0,null,228,null,0,null,228,null,233,null,173,null,11280,null,811,null,441,null,304,null,27,null,47,null,0,null,228,null,27,null,47,null,27,null,47,null,0,null,228,null,414,null,305,null,1207,null,385,null,699,null,288,null,73,null,1,null,626,null,288,null,626,null,288,null,0,null,228,null,508,null,313,null,7612,null,674,null,5049,null,734,null,71,null,93,null,4978,null,729,null,4755,null,672,null,223,null,213,null,2563,null,775,null,1406,null,327,null,928,null,292,null,0,null,228,null,928,null,292,null,784,null,293,null,144,null,183,null,478,null,283,null,366,null,215,null,0,null,228,null,0,null,228,null,0,null,228,null,366,null,215,null,248,null,165,null,54,null,80,null,54,null,80,null,0,null,228,null,194,null,162,null,0400000US31,Nebraska,31
143301,null,2373,null,63053,null,1522,null,3511,null,699,null,1260,null,371,null,0,null,302,null,1260,null,371,null,714,null,370,null,546,null,407,null,2251,null,730,null,4978,null,414,null,3597,null,604,null,117,null,115,null,3480,null,599,null,2847,null,625,null,633,null,348,null,1381,null,570,null,37843,null,1181,null,35137,null,1347,null,333,null,307,null,34804,null,1347,null,32072,null,1328,null,2732,null,785,null,2706,null,765,null,8353,null,482,null,6679,null,563,null,0,null,302,null,6679,null,563,null,6082,null,657,null,597,null,325,null,1674,null,540,null,2976,null,615,null,1415,null,442,null,1241,null,398,null,174,null,154,null,1561,null,511,null,5392,null,614,null,808,null,374,null,758,null,374,null,50,null,83,null,4584,null,559,null,80248,null,1573,null,4120,null,636,null,1610,null,604,null,0,null,302,null,1610,null,604,null,1298,null,550,null,312,null,272,null,2510,null,509,null,4776,null,357,null,3565,null,551,null,0,null,302,null,3565,null,551,null,3169,null,640,null,396,null,263,null,1211,null,461,null,46833,null,1131,null,38328,null,1548,null,0,null,302,null,38328,null,1548,null,35570,null,1589,null,2758,null,797,null,8505,null,1333,null,12283,null,310,null,8027,null,644,null,0,null,302,null,8027,null,644,null,6976,null,660,null,1051,null,510,null,4256,null,698,null,4479,null,784,null,1453,null,416,null,1372,null,409,null,81,null,98,null,3026,null,691,null,7757,null,659,null,792,null,387,null,684,null,363,null,108,null,135,null,6965,null,776,null,0400000US32,Nevada,32
null,null,null,null,null,null,null,null,null,null,null,null,null,null,null,null,null,null,null,null,null,null,null,null,null,null,null,null,null,null,null,null,null,null,null,null,null,null,null,null,null,null,null,null,null,null,null,null,null,null,null,null,null,null,null,null,null,null,null,null,null,null,null,null,null,null,null,null,null,null,null,null,null,null,null,null,null,null,null,null,null,null,null,null,null,null,null,null,null,null,null,null,null,null,null,null,null,null,null,null,null,null,null,null,null,null,null,null,null,null,null,null,null,null,null,null,null,null,null,null,null,null,null,null,null,null,null,null,null,null,null,null,null,null,null,null,null,null,null,null,null,null,null,null,null,null,null,null,null,null,null,null,null,null,null,null,null,null,null,null,null,null,null,null,null,null,null,null,null,null,null,null,null,null,null,null,null,null,null,null,null,null,null,null,null,null,null,null,null,null,null,null,null,null,null,null,null,null,null,null,null,null,null,null,null,null,null,null,null,null,null,null,null,null,null,null,null,null,null,null,null,null,null,null,null,null,null,null,null,null,null,null,null,null,null,null,null,null,null,null,null,null,null,null,null,null,null,null,null,null,null,null,null,null,null,null,null,null,null,null,null,null,null,null,null,null,null,null,null,null,null,null,null,null,null,null,null,null,null,null,null,null,null,null,null,null,null,null,null,null,null,null,null,null,null,null,null,null,null,null,null,null,null,null,null,null,null,null,null,null,null,null,null,null,null,null,0400000US33,New Hampshire,33
527601,null,2768,null,260407,null,1912,null,16020,null,1290,null,3295,null,730,null,0,null,279,null,3295,null,730,null,2363,null,675,null,932,null,389,null,12725,null,1205,null,18155,null,1037,null,10522,null,1233,null,63,null,102,null,10459,null,1231,null,8876,null,1237,null,1583,null,739,null,7633,null,1327,null,168916,null,1368,null,158542,null,2179,null,104,null,164,null,158438,null,2180,null,150562,null,2622,null,7876,null,1320,null,10374,null,1941,null,31907,null,810,null,25824,null,1334,null,0,null,279,null,25824,null,1334,null,24546,null,1342,null,1278,null,400,null,6083,null,1076,null,10518,null,1464,null,5226,null,1050,null,4805,null,970,null,421,null,292,null,5292,null,1117,null,14891,null,1375,null,2025,null,704,null,1809,null,655,null,216,null,197,null,12866,null,1420,null,267194,null,1693,null,14364,null,1028,null,3706,null,760,null,0,null,279,null,3706,null,760,null,3210,null,734,null,496,null,303,null,10658,null,1075,null,17346,null,994,null,9476,null,1172,null,0,null,279,null,9476,null,1172,null,8176,null,1074,null,1300,null,510,null,7870,null,1020,null,170801,null,1414,null,119176,null,3311,null,72,null,111,null,119104,null,3298,null,111142,null,3417,null,7962,null,1305,null,51625,null,3311,null,34396,null,925,null,20512,null,1385,null,0,null,279,null,20512,null,1385,null,18770,null,1429,null,1742,null,589,null,13884,null,1332,null,10774,null,1366,null,3416,null,776,null,3118,null,713,null,298,null,234,null,7358,null,1328,null,19513,null,1415,null,762,null,417,null,678,null,396,null,84,null,136,null,18751,null,1395,null,0400000US34,New Jersey,34
null,null,null,null,null,null,null,null,null,null,null,null,null,null,null,null,null,null,null,null,null,null,null,null,null,null,null,null,null,null,null,null,null,null,null,null,null,null,null,null,null,null,null,null,null,null,null,null,null,null,null,null,null,null,null,null,null,null,null,null,null,null,null,null,null,null,null,null,null,null,null,null,null,null,null,null,null,null,null,null,null,null,null,null,null,null,null,null,null,null,null,null,null,null,null,null,null,null,null,null,null,null,null,null,null,null,null,null,null,null,null,null,null,null,null,null,null,null,null,null,null,null,null,null,null,null,null,null,null,null,null,null,null,null,null,null,null,null,null,null,null,null,null,null,null,null,null,null,null,null,null,null,null,null,null,null,null,null,null,null,null,null,null,null,null,null,null,null,null,null,null,null,null,null,null,null,null,null,null,null,null,null,null,null,null,null,null,null,null,null,null,null,null,null,null,null,null,null,null,null,null,null,null,null,null,null,null,null,null,null,null,null,null,null,null,null,null,null,null,null,null,null,null,null,null,null,null,null,null,null,null,null,null,null,null,null,null,null,null,null,null,null,null,null,null,null,null,null,null,null,null,null,null,null,null,null,null,null,null,null,null,null,null,null,null,null,null,null,null,null,null,null,null,null,null,null,null,null,null,null,null,null,null,null,null,null,null,null,null,null,null,null,null,null,null,null,null,null,null,null,null,null,null,null,null,null,null,null,null,null,null,null,null,null,null,null,0400000US35,New Mexico,35
1101013,null,5735,null,534200,null,3691,null,34083,null,1787,null,6708,null,967,null,0,null,277,null,6708,null,967,null,5454,null,922,null,1254,null,501,null,27375,null,1917,null,43325,null,1562,null,23451,null,1910,null,152,null,180,null,23299,null,1869,null,19288,null,1861,null,4011,null,841,null,19874,null,1757,null,328988,null,2878,null,297055,null,4441,null,117,null,141,null,296938,null,4432,null,278750,null,4715,null,18188,null,2141,null,31933,null,3237,null,71548,null,1199,null,54246,null,2244,null,0,null,277,null,54246,null,2244,null,49125,null,2210,null,5121,null,1287,null,17302,null,1899,null,20559,null,1444,null,7589,null,1276,null,7251,null,1290,null,338,null,208,null,12970,null,1455,null,35697,null,1543,null,3403,null,892,null,3242,null,886,null,161,null,163,null,32294,null,1319,null,566813,null,3316,null,31722,null,1846,null,5769,null,1022,null,0,null,277,null,5769,null,1022,null,4492,null,968,null,1277,null,521,null,25953,null,1807,null,46851,null,1631,null,24133,null,2094,null,0,null,277,null,24133,null,2094,null,21006,null,1965,null,3127,null,760,null,22718,null,2060,null,346976,null,2761,null,245439,null,4803,null,0,null,277,null,245439,null,4803,null,226349,null,5078,null,19090,null,2117,null,101537,null,3955,null,72633,null,1201,null,39098,null,2277,null,0,null,277,null,39098,null,2277,null,36410,null,2214,null,2688,null,820,null,33535,null,2101,null,23868,null,1638,null,5010,null,1141,null,4665,null,1106,null,345,null,263,null,18858,null,1573,null,44763,null,1786,null,2955,null,851,null,2665,null,776,null,290,null,242,null,41808,null,1855,null,0400000US36,New York,36
139906,null,2401,null,65398,null,2012,null,7085,null,1836,null,2539,null,1695,null,90,null,166,null,2449,null,1691,null,1331,null,905,null,1118,null,903,null,4546,null,1084,null,6142,null,1120,null,4247,null,962,null,524,null,458,null,3723,null,875,null,2937,null,646,null,786,null,525,null,1895,null,917,null,40798,null,2786,null,37162,null,2495,null,627,null,420,null,36535,null,2442,null,34754,null,2510,null,1781,null,641,null,3636,null,974,null,5607,null,727,null,4089,null,762,null,0,null,287,null,4089,null,762,null,3925,null,770,null,164,null,174,null,1518,null,537,null,2387,null,742,null,1159,null,522,null,1060,null,527,null,99,null,95,null,1228,null,550,null,3379,null,836,null,161,null,190,null,161,null,190,null,0,null,287,null,3218,null,808,null,74508,null,2067,null,4533,null,1227,null,1512,null,879,null,0,null,287,null,1512,null,879,null,1436,null,863,null,76,null,137,null,3021,null,931,null,6942,null,1237,null,2949,null,855,null,0,null,287,null,2949,null,855,null,2739,null,859,null,210,null,150,null,3993,null,1015,null,48497,null,1972,null,32766,null,1858,null,487,null,368,null,32279,null,1798,null,29844,null,1886,null,2435,null,749,null,15731,null,1916,null,7360,null,964,null,3958,null,896,null,0,null,287,null,3958,null,896,null,3792,null,864,null,166,null,152,null,3402,null,747,null,2143,null,631,null,561,null,323,null,338,null,221,null,223,null,212,null,1582,null,541,null,5033,null,972,null,173,null,199,null,173,null,199,null,0,null,287,null,4860,null,987,null,0400000US37,North Carolina,37
null,null,null,null,null,null,null,null,null,null,null,null,null,null,null,null,null,null,null,null,null,null,null,null,null,null,null,null,null,null,null,null,null,null,null,null,null,null,null,null,null,null,null,null,null,null,null,null,null,null,null,null,null,null,null,null,null,null,null,null,null,null,null,null,null,null,null,null,null,null,null,null,null,null,null,null,null,null,null,null,null,null,null,null,null,null,null,null,null,null,null,null,null,null,null,null,null,null,null,null,null,null,null,null,null,null,null,null,null,null,null,null,null,null,null,null,null,null,null,null,null,null,null,null,null,null,null,null,null,null,null,null,null,null,null,null,null,null,null,null,null,null,null,null,null,null,null,null,null,null,null,null,null,null,null,null,null,null,null,null,null,null,null,null,null,null,null,null,null,null,null,null,null,null,null,null,null,null,null,null,null,null,null,null,null,null,null,null,null,null,null,null,null,null,null,null,null,null,null,null,null,null,null,null,null,null,null,null,null,null,null,null,null,null,null,null,null,null,null,null,null,null,null,null,null,null,null,null,null,null,null,null,null,null,null,null,null,null,null,null,null,null,null,null,null,null,null,null,null,null,null,null,null,null,null,null,null,null,null,null,null,null,null,null,null,null,null,null,null,null,null,null,null,null,null,null,null,null,null,null,null,null,null,null,null,null,null,null,null,null,null,null,null,null,null,null,null,null,null,null,null,null,null,null,null,null,null,null,null,null,null,null,null,null,null,null,0400000US38,North Dakota,38
139233,null,2688,null,66410,null,1821,null,4503,null,885,null,1184,null,558,null,0,null,267,null,1184,null,558,null,957,null,508,null,227,null,191,null,3319,null,797,null,5099,null,905,null,3403,null,815,null,0,null,267,null,3403,null,815,null,3152,null,797,null,251,null,205,null,1696,null,698,null,44846,null,1502,null,41528,null,1562,null,281,null,285,null,41247,null,1625,null,38887,null,1941,null,2360,null,972,null,3318,null,936,null,6509,null,796,null,5486,null,718,null,0,null,267,null,5486,null,718,null,5010,null,703,null,476,null,354,null,1023,null,393,null,1914,null,608,null,1230,null,421,null,1116,null,426,null,114,null,141,null,684,null,415,null,3539,null,896,null,779,null,468,null,713,null,440,null,66,null,113,null,2760,null,632,null,72823,null,2062,null,5458,null,1164,null,1489,null,516,null,0,null,267,null,1489,null,516,null,1391,null,526,null,98,null,133,null,3969,null,975,null,5963,null,1162,null,3457,null,916,null,0,null,267,null,3457,null,916,null,3285,null,903,null,172,null,204,null,2506,null,830,null,45855,null,1700,null,31565,null,2040,null,0,null,267,null,31565,null,2040,null,29412,null,2007,null,2153,null,639,null,14290,null,1759,null,8413,null,925,null,5036,null,917,null,0,null,267,null,5036,null,917,null,4591,null,833,null,445,null,333,null,3377,null,682,null,2582,null,620,null,590,null,273,null,590,null,273,null,0,null,267,null,1992,null,620,null,4552,null,724,null,69,null,89,null,69,null,89,null,0,null,267,null,4483,null,730,null,0400000US39,Ohio,39
47955,null,2137,null,22980,null,1364,null,2688,null,649,null,693,null,362,null,0,null,251,null,693,null,362,null,601,null,327,null,92,null,109,null,1995,null,735,null,3158,null,629,null,2757,null,656,null,260,null,190,null,2497,null,631,null,2253,null,587,null,244,null,194,null,401,null,315,null,13303,null,1042,null,12111,null,1056,null,78,null,113,null,12033,null,1044,null,11574,null,974,null,459,null,283,null,1192,null,617,null,2033,null,433,null,1731,null,399,null,0,null,251,null,1731,null,399,null,1625,null,413,null,106,null,120,null,302,null,206,null,320,null,210,null,104,null,128,null,104,null,128,null,0,null,251,null,216,null,178,null,1478,null,332,null,210,null,226,null,210,null,226,null,0,null,251,null,1268,null,308,null,24975,null,1355,null,1396,null,492,null,202,null,180,null,0,null,251,null,202,null,180,null,150,null,151,null,52,null,96,null,1194,null,526,null,2629,null,771,null,1688,null,688,null,0,null,251,null,1688,null,688,null,1500,null,686,null,188,null,209,null,941,null,406,null,15262,null,1184,null,11223,null,1370,null,161,null,192,null,11062,null,1354,null,10765,null,1349,null,297,null,311,null,4039,null,963,null,3265,null,566,null,1864,null,490,null,0,null,251,null,1864,null,490,null,1814,null,488,null,50,null,87,null,1401,null,532,null,546,null,326,null,160,null,121,null,160,null,121,null,0,null,251,null,386,null,305,null,1877,null,426,null,139,null,116,null,139,null,116,null,0,null,251,null,1738,null,424,null,0400000US40,Oklahoma,40
109318,null,2382,null,48575,null,1828,null,3836,null,1014,null,1497,null,782,null,0,null,275,null,1497,null,782,null,1270,null,789,null,227,null,231,null,2339,null,740,null,4601,null,887,null,2964,null,625,null,0,null,275,null,2964,null,625,null,2767,null,634,null,197,null,186,null,1637,null,675,null,29775,null,1614,null,27362,null,1560,null,0,null,275,null,27362,null,1560,null,26007,null,1556,null,1355,null,584,null,2413,null,787,null,4776,null,609,null,3169,null,565,null,0,null,275,null,3169,null,565,null,2918,null,562,null,251,null,242,null,1607,null,636,null,1935,null,468,null,644,null,294,null,644,null,294,null,0,null,275,null,1291,null,403,null,3652,null,668,null,97,null,145,null,97,null,145,null,0,null,275,null,3555,null,661,null,60743,null,1774,null,3902,null,1085,null,846,null,500,null,0,null,275,null,846,null,500,null,651,null,461,null,195,null,190,null,3056,null,935,null,5070,null,1050,null,2957,null,855,null,0,null,275,null,2957,null,855,null,2538,null,800,null,419,null,333,null,2113,null,916,null,36067,null,1240,null,27238,null,1680,null,0,null,275,null,27238,null,1680,null,25440,null,1715,null,1798,null,641,null,8829,null,1231,null,8333,null,657,null,4288,null,699,null,0,null,275,null,4288,null,699,null,3918,null,679,null,370,null,267,null,4045,null,900,null,2509,null,596,null,388,null,237,null,356,null,227,null,32,null,56,null,2121,null,590,null,4862,null,727,null,360,null,299,null,360,null,299,null,0,null,275,null,4502,null,736,null,0400000US41,Oregon,41
239441,null,3111,null,116066,null,2352,null,8214,null,1243,null,1973,null,631,null,0,null,246,null,1973,null,631,null,1666,null,610,null,307,null,231,null,6241,null,1168,null,12874,null,1452,null,7275,null,1393,null,0,null,246,null,7275,null,1393,null,5396,null,1285,null,1879,null,897,null,5599,null,1129,null,71559,null,1693,null,63470,null,1889,null,18,null,30,null,63452,null,1887,null,60246,null,2172,null,3206,null,1072,null,8089,null,1172,null,12015,null,695,null,9718,null,862,null,0,null,246,null,9718,null,862,null,9048,null,878,null,670,null,369,null,2297,null,663,null,4294,null,765,null,1589,null,461,null,1589,null,461,null,0,null,246,null,2705,null,677,null,7110,null,829,null,999,null,443,null,959,null,429,null,40,null,65,null,6111,null,844,null,123375,null,2049,null,9130,null,1251,null,2524,null,961,null,0,null,246,null,2524,null,961,null,2366,null,957,null,158,null,159,null,6606,null,1404,null,10646,null,1206,null,5486,null,914,null,0,null,246,null,5486,null,914,null,4764,null,870,null,722,null,336,null,5160,null,1106,null,75174,null,1581,null,53871,null,2511,null,0,null,246,null,53871,null,2511,null,50303,null,2700,null,3568,null,983,null,21303,null,2376,null,14606,null,770,null,8006,null,1030,null,0,null,246,null,8006,null,1030,null,7333,null,933,null,673,null,482,null,6600,null,940,null,4255,null,885,null,742,null,339,null,742,null,339,null,0,null,246,null,3513,null,904,null,9564,null,1012,null,269,null,209,null,269,null,209,null,0,null,246,null,9295,null,997,null,0400000US42,Pennsylvania,42
null,null,null,null,null,null,null,null,null,null,null,null,null,null,null,null,null,null,null,null,null,null,null,null,null,null,null,null,null,null,null,null,null,null,null,null,null,null,null,null,null,null,null,null,null,null,null,null,null,null,null,null,null,null,null,null,null,null,null,null,null,null,null,null,null,null,null,null,null,null,null,null,null,null,null,null,null,null,null,null,null,null,null,null,null,null,null,null,null,null,null,null,null,null,null,null,null,null,null,null,null,null,null,null,null,null,null,null,null,null,null,null,null,null,null,null,null,null,null,null,null,null,null,null,null,null,null,null,null,null,null,null,null,null,null,null,null,null,null,null,null,null,null,null,null,null,null,null,null,null,null,null,null,null,null,null,null,null,null,null,null,null,null,null,null,null,null,null,null,null,null,null,null,null,null,null,null,null,null,null,null,null,null,null,null,null,null,null,null,null,null,null,null,null,null,null,null,null,null,null,null,null,null,null,null,null,null,null,null,null,null,null,null,null,null,null,null,null,null,null,null,null,null,null,null,null,null,null,null,null,null,null,null,null,null,null,null,null,null,null,null,null,null,null,null,null,null,null,null,null,null,null,null,null,null,null,null,null,null,null,null,null,null,null,null,null,null,null,null,null,null,null,null,null,null,null,null,null,null,null,null,null,null,null,null,null,null,null,null,null,null,null,null,null,null,null,null,null,null,null,null,null,null,null,null,null,null,null,null,null,null,null,null,null,null,null,0400000US44,Rhode Island,44
44959,null,2411,null,19987,null,1916,null,1983,null,1182,null,441,null,260,null,125,null,122,null,316,null,257,null,230,null,203,null,86,null,165,null,1542,null,1165,null,1523,null,591,null,1052,null,529,null,309,null,246,null,743,null,494,null,634,null,471,null,109,null,157,null,471,null,297,null,12894,null,1248,null,11974,null,1414,null,184,null,153,null,11790,null,1427,null,11232,null,1316,null,558,null,377,null,920,null,467,null,2183,null,736,null,1742,null,558,null,0,null,289,null,1742,null,558,null,1622,null,575,null,120,null,126,null,441,null,324,null,623,null,400,null,322,null,338,null,322,null,338,null,0,null,289,null,301,null,224,null,781,null,339,null,71,null,119,null,71,null,119,null,0,null,289,null,710,null,316,null,24972,null,1424,null,1288,null,537,null,568,null,350,null,54,null,92,null,514,null,343,null,299,null,229,null,215,null,190,null,720,null,432,null,2836,null,882,null,1823,null,728,null,62,null,73,null,1761,null,734,null,1744,null,732,null,17,null,20,null,1013,null,511,null,14662,null,1594,null,11160,null,1583,null,80,null,102,null,11080,null,1580,null,10489,null,1528,null,591,null,551,null,3502,null,887,null,3428,null,820,null,1483,null,550,null,0,null,289,null,1483,null,550,null,1394,null,546,null,89,null,111,null,1945,null,684,null,1329,null,488,null,140,null,116,null,140,null,116,null,0,null,289,null,1189,null,466,null,1429,null,511,null,78,null,131,null,78,null,131,null,0,null,289,null,1351,null,501,null,0400000US45,South Carolina,45
null,null,null,null,null,null,null,null,null,null,null,null,null,null,null,null,null,null,null,null,null,null,null,null,null,null,null,null,null,null,null,null,null,null,null,null,null,null,null,null,null,null,null,null,null,null,null,null,null,null,null,null,null,null,null,null,null,null,null,null,null,null,null,null,null,null,null,null,null,null,null,null,null,null,null,null,null,null,null,null,null,null,null,null,null,null,null,null,null,null,null,null,null,null,null,null,null,null,null,null,null,null,null,null,null,null,null,null,null,null,null,null,null,null,null,null,null,null,null,null,null,null,null,null,null,null,null,null,null,null,null,null,null,null,null,null,null,null,null,null,null,null,null,null,null,null,null,null,null,null,null,null,null,null,null,null,null,null,null,null,null,null,null,null,null,null,null,null,null,null,null,null,null,null,null,null,null,null,null,null,null,null,null,null,null,null,null,null,null,null,null,null,null,null,null,null,null,null,null,null,null,null,null,null,null,null,null,null,null,null,null,null,null,null,null,null,null,null,null,null,null,null,null,null,null,null,null,null,null,null,null,null,null,null,null,null,null,null,null,null,null,null,null,null,null,null,null,null,null,null,null,null,null,null,null,null,null,null,null,null,null,null,null,null,null,null,null,null,null,null,null,null,null,null,null,null,null,null,null,null,null,null,null,null,null,null,null,null,null,null,null,null,null,null,null,null,null,null,null,null,null,null,null,null,null,null,null,null,null,null,null,null,null,null,null,null,0400000US46,South Dakota,46
66451,null,2292,null,31230,null,1604,null,2572,null,1016,null,722,null,426,null,0,null,283,null,722,null,426,null,722,null,426,null,0,null,283,null,1850,null,901,null,2141,null,892,null,1088,null,613,null,0,null,283,null,1088,null,613,null,906,null,621,null,182,null,198,null,1053,null,785,null,21065,null,1420,null,19221,null,1557,null,96,null,165,null,19125,null,1522,null,18476,null,1469,null,649,null,438,null,1844,null,953,null,2565,null,630,null,1849,null,484,null,0,null,283,null,1849,null,484,null,1630,null,469,null,219,null,214,null,716,null,460,null,885,null,339,null,567,null,307,null,567,null,307,null,0,null,283,null,318,null,306,null,2002,null,605,null,251,null,206,null,251,null,206,null,0,null,283,null,1751,null,556,null,35221,null,1614,null,1554,null,624,null,865,null,534,null,0,null,283,null,865,null,534,null,551,null,359,null,314,null,390,null,689,null,327,null,2669,null,846,null,1586,null,757,null,0,null,283,null,1586,null,757,null,1167,null,606,null,419,null,389,null,1083,null,539,null,23356,null,1371,null,15983,null,1358,null,0,null,283,null,15983,null,1358,null,15310,null,1320,null,673,null,339,null,7373,null,1240,null,4683,null,895,null,2187,null,779,null,0,null,283,null,2187,null,779,null,1891,null,568,null,296,null,467,null,2496,null,675,null,1514,null,552,null,358,null,251,null,358,null,251,null,0,null,283,null,1156,null,482,null,1445,null,426,null,65,null,108,null,65,null,108,null,0,null,283,null,1380,null,458,null,0400000US47,Tennessee,47
678345,null,4660,null,329112,null,3126,null,21831,null,1526,null,4611,null,982,null,209,null,174,null,4402,null,973,null,3445,null,812,null,957,null,425,null,17220,null,1392,null,29519,null,1465,null,17238,null,1962,null,758,null,376,null,16480,null,1789,null,14392,null,1704,null,2088,null,719,null,12281,null,1670,null,213342,null,2476,null,194083,null,3193,null,2168,null,1135,null,191915,null,3378,null,178920,null,3542,null,12995,null,1695,null,19259,null,2396,null,37983,null,1036,null,31299,null,1492,null,0,null,291,null,31299,null,1492,null,29326,null,1720,null,1973,null,816,null,6684,null,1173,null,10880,null,1159,null,4768,null,1077,null,4177,null,956,null,591,null,447,null,6112,null,961,null,15557,null,1056,null,1732,null,638,null,1668,null,621,null,64,null,107,null,13825,null,1116,null,349233,null,3033,null,20742,null,1720,null,4209,null,850,null,0,null,291,null,4209,null,850,null,3785,null,871,null,424,null,241,null,16533,null,1556,null,26094,null,1608,null,14646,null,1462,null,310,null,269,null,14336,null,1439,null,12439,null,1474,null,1897,null,626,null,11448,null,1523,null,224603,null,2079,null,161824,null,4099,null,464,null,272,null,161360,null,4095,null,150836,null,4094,null,10524,null,2016,null,62779,null,3927,null,42816,null,1460,null,23651,null,1734,null,0,null,291,null,23651,null,1734,null,22391,null,1715,null,1260,null,513,null,19165,null,1537,null,14042,null,1393,null,2648,null,665,null,2354,null,580,null,294,null,315,null,11394,null,1483,null,20936,null,1584,null,1212,null,511,null,1212,null,511,null,0,null,291,null,19724,null,1618,null,0400000US48,Texas,48
43942,null,1989,null,19625,null,1394,null,1199,null,582,null,394,null,288,null,0,null,265,null,394,null,288,null,242,null,246,null,152,null,151,null,805,null,466,null,3126,null,993,null,2657,null,952,null,93,null,146,null,2564,null,945,null,2295,null,919,null,269,null,249,null,469,null,316,null,11811,null,983,null,10530,null,1040,null,77,null,132,null,10453,null,1027,null,9507,null,1115,null,946,null,408,null,1281,null,568,null,1976,null,468,null,1360,null,450,null,0,null,265,null,1360,null,450,null,1122,null,398,null,238,null,238,null,616,null,335,null,403,null,272,null,156,null,175,null,156,null,175,null,0,null,265,null,247,null,205,null,1110,null,313,null,314,null,252,null,314,null,252,null,0,null,265,null,796,null,315,null,24317,null,1049,null,1355,null,499,null,370,null,261,null,0,null,265,null,370,null,261,null,370,null,261,null,0,null,265,null,985,null,411,null,3295,null,827,null,2253,null,799,null,0,null,265,null,2253,null,799,null,1967,null,720,null,286,null,403,null,1042,null,590,null,14453,null,794,null,9896,null,984,null,35,null,56,null,9861,null,984,null,9586,null,951,null,275,null,262,null,4557,null,908,null,2963,null,462,null,1856,null,449,null,0,null,265,null,1856,null,449,null,1791,null,456,null,65,null,115,null,1107,null,416,null,722,null,403,null,191,null,212,null,191,null,212,null,0,null,265,null,531,null,383,null,1529,null,536,null,0,null,265,null,0,null,265,null,0,null,265,null,1529,null,536,null,0400000US49,Utah,49
null,null,null,null,null,null,null,null,null,null,null,null,null,null,null,null,null,null,null,null,null,null,null,null,null,null,null,null,null,null,null,null,null,null,null,null,null,null,null,null,null,null,null,null,null,null,null,null,null,null,null,null,null,null,null,null,null,null,null,null,null,null,null,null,null,null,null,null,null,null,null,null,null,null,null,null,null,null,null,null,null,null,null,null,null,null,null,null,null,null,null,null,null,null,null,null,null,null,null,null,null,null,null,null,null,null,null,null,null,null,null,null,null,null,null,null,null,null,null,null,null,null,null,null,null,null,null,null,null,null,null,null,null,null,null,null,null,null,null,null,null,null,null,null,null,null,null,null,null,null,null,null,null,null,null,null,null,null,null,null,null,null,null,null,null,null,null,null,null,null,null,null,null,null,null,null,null,null,null,null,null,null,null,null,null,null,null,null,null,null,null,null,null,null,null,null,null,null,null,null,null,null,null,null,null,null,null,null,null,null,null,null,null,null,null,null,null,null,null,null,null,null,null,null,null,null,null,null,null,null,null,null,null,null,null,null,null,null,null,null,null,null,null,null,null,null,null,null,null,null,null,null,null,null,null,null,null,null,null,null,null,null,null,null,null,null,null,null,null,null,null,null,null,null,null,null,null,null,null,null,null,null,null,null,null,null,null,null,null,null,null,null,null,null,null,null,null,null,null,null,null,null,null,null,null,null,null,null,null,null,null,null,null,null,null,null,0400000US50,Vermont,50
311038,null,3561,null,144989,null,2274,null,10965,null,1383,null,3802,null,937,null,0,null,287,null,3802,null,937,null,2842,null,878,null,960,null,461,null,7163,null,1054,null,12557,null,1470,null,9166,null,1357,null,481,null,409,null,8685,null,1320,null,8173,null,1313,null,512,null,274,null,3391,null,1101,null,91048,null,2300,null,84974,null,2346,null,1992,null,806,null,82982,null,2386,null,79052,null,2713,null,3930,null,972,null,6074,null,1226,null,17063,null,938,null,14888,null,1072,null,0,null,287,null,14888,null,1072,null,14057,null,1191,null,831,null,535,null,2175,null,630,null,5244,null,884,null,2800,null,690,null,2631,null,677,null,169,null,156,null,2444,null,697,null,8112,null,897,null,1133,null,556,null,1091,null,553,null,42,null,67,null,6979,null,878,null,166049,null,2690,null,8521,null,1369,null,2311,null,792,null,0,null,287,null,2311,null,792,null,1856,null,654,null,455,null,350,null,6210,null,1257,null,12319,null,1136,null,7514,null,1221,null,111,null,161,null,7403,null,1222,null,6339,null,970,null,1064,null,673,null,4805,null,1050,null,106334,null,1863,null,79216,null,2874,null,123,null,121,null,79093,null,2862,null,75287,null,2944,null,3806,null,1104,null,27118,null,2436,null,21075,null,1049,null,13678,null,1211,null,0,null,287,null,13678,null,1211,null,13041,null,1231,null,637,null,460,null,7397,null,1058,null,6521,null,1163,null,2242,null,733,null,2242,null,733,null,0,null,287,null,4279,null,1038,null,11279,null,1066,null,616,null,395,null,489,null,345,null,127,null,219,null,10663,null,1103,null,0400000US51,Virginia,51
360361,null,4140,null,163286,null,2732,null,9748,null,1175,null,2900,null,743,null,84,null,144,null,2816,null,736,null,1903,null,595,null,913,null,491,null,6848,null,1149,null,13484,null,1055,null,8426,null,1205,null,976,null,520,null,7450,null,1129,null,6465,null,1257,null,985,null,488,null,5058,null,1141,null,102822,null,1943,null,94628,null,2380,null,1300,null,549,null,93328,null,2470,null,88512,null,2493,null,4816,null,1228,null,8194,null,1501,null,19883,null,756,null,15357,null,1009,null,0,null,273,null,15357,null,1009,null,14507,null,1063,null,850,null,439,null,4526,null,936,null,4515,null,791,null,1308,null,475,null,1263,null,461,null,45,null,75,null,3207,null,700,null,12834,null,907,null,1745,null,543,null,1468,null,476,null,277,null,338,null,11089,null,965,null,197075,null,2915,null,10427,null,1044,null,3266,null,608,null,54,null,96,null,3212,null,625,null,2438,null,557,null,774,null,348,null,7161,null,1141,null,15041,null,1205,null,9136,null,1300,null,383,null,403,null,8753,null,1252,null,7612,null,1256,null,1141,null,535,null,5905,null,1387,null,119466,null,2302,null,91639,null,2906,null,601,null,557,null,91038,null,2927,null,84792,null,3166,null,6246,null,1216,null,27827,null,2544,null,26391,null,762,null,16743,null,1221,null,47,null,77,null,16696,null,1232,null,16086,null,1240,null,610,null,329,null,9648,null,1191,null,8076,null,1046,null,1727,null,700,null,1677,null,691,null,50,null,83,null,6349,null,1015,null,17674,null,1210,null,542,null,327,null,542,null,327,null,0,null,273,null,17132,null,1152,null,0400000US53,Washington,53
null,null,null,null,null,null,null,null,null,null,null,null,null,null,null,null,null,null,null,null,null,null,null,null,null,null,null,null,null,null,null,null,null,null,null,null,null,null,null,null,null,null,null,null,null,null,null,null,null,null,null,null,null,null,null,null,null,null,null,null,null,null,null,null,null,null,null,null,null,null,null,null,null,null,null,null,null,null,null,null,null,null,null,null,null,null,null,null,null,null,null,null,null,null,null,null,null,null,null,null,null,null,null,null,null,null,null,null,null,null,null,null,null,null,null,null,null,null,null,null,null,null,null,null,null,null,null,null,null,null,null,null,null,null,null,null,null,null,null,null,null,null,null,null,null,null,null,null,null,null,null,null,null,null,null,null,null,null,null,null,null,null,null,null,null,null,null,null,null,null,null,null,null,null,null,null,null,null,null,null,null,null,null,null,null,null,null,null,null,null,null,null,null,null,null,null,null,null,null,null,null,null,null,null,null,null,null,null,null,null,null,null,null,null,null,null,null,null,null,null,null,null,null,null,null,null,null,null,null,null,null,null,null,null,null,null,null,null,null,null,null,null,null,null,null,null,null,null,null,null,null,null,null,null,null,null,null,null,null,null,null,null,null,null,null,null,null,null,null,null,null,null,null,null,null,null,null,null,null,null,null,null,null,null,null,null,null,null,null,null,null,null,null,null,null,null,null,null,null,null,null,null,null,null,null,null,null,null,null,null,null,null,null,null,null,null,0400000US54,West Virginia,54
86081,null,2169,null,41557,null,1480,null,4617,null,954,null,1710,null,581,null,0,null,216,null,1710,null,581,null,1499,null,590,null,211,null,170,null,2907,null,829,null,5439,null,878,null,3768,null,791,null,0,null,216,null,3768,null,791,null,3344,null,714,null,424,null,277,null,1671,null,556,null,25857,null,1088,null,22896,null,1437,null,0,null,216,null,22896,null,1437,null,21140,null,1620,null,1756,null,800,null,2961,null,774,null,3497,null,643,null,2785,null,633,null,0,null,216,null,2785,null,633,null,2739,null,635,null,46,null,65,null,712,null,316,null,824,null,352,null,230,null,165,null,230,null,165,null,0,null,216,null,594,null,331,null,1323,null,444,null,389,null,291,null,389,null,291,null,0,null,216,null,934,null,342,null,44524,null,1615,null,4450,null,856,null,1908,null,557,null,0,null,216,null,1908,null,557,null,1784,null,561,null,124,null,140,null,2542,null,790,null,5877,null,785,null,4101,null,838,null,0,null,216,null,4101,null,838,null,3528,null,779,null,573,null,423,null,1776,null,705,null,26526,null,1374,null,20541,null,1385,null,12,null,27,null,20529,null,1381,null,18610,null,1298,null,1919,null,660,null,5985,null,1080,null,4396,null,816,null,2438,null,529,null,0,null,216,null,2438,null,529,null,2352,null,539,null,86,null,131,null,1958,null,703,null,901,null,362,null,78,null,78,null,78,null,78,null,0,null,216,null,823,null,363,null,2374,null,523,null,237,null,199,null,237,null,199,null,0,null,216,null,2137,null,521,null,0400000US55,Wisconsin,55
null,null,null,null,null,null,null,null,null,null,null,null,null,null,null,null,null,null,null,null,null,null,null,null,null,null,null,null,null,null,null,null,null,null,null,null,null,null,null,null,null,null,null,null,null,null,null,null,null,null,null,null,null,null,null,null,null,null,null,null,null,null,null,null,null,null,null,null,null,null,null,null,null,null,null,null,null,null,null,null,null,null,null,null,null,null,null,null,null,null,null,null,null,null,null,null,null,null,null,null,null,null,null,null,null,null,null,null,null,null,null,null,null,null,null,null,null,null,null,null,null,null,null,null,null,null,null,null,null,null,null,null,null,null,null,null,null,null,null,null,null,null,null,null,null,null,null,null,null,null,null,null,null,null,null,null,null,null,null,null,null,null,null,null,null,null,null,null,null,null,null,null,null,null,null,null,null,null,null,null,null,null,null,null,null,null,null,null,null,null,null,null,null,null,null,null,null,null,null,null,null,null,null,null,null,null,null,null,null,null,null,null,null,null,null,null,null,null,null,null,null,null,null,null,null,null,null,null,null,null,null,null,null,null,null,null,null,null,null,null,null,null,null,null,null,null,null,null,null,null,null,null,null,null,null,null,null,null,null,null,null,null,null,null,null,null,null,null,null,null,null,null,null,null,null,null,null,null,null,null,null,null,null,null,null,null,null,null,null,null,null,null,null,null,null,null,null,null,null,null,null,null,null,null,null,null,null,null,null,null,null,null,null,null,null,null,0400000US56,Wyoming,56
null,null,null,null,null,null,null,null,null,null,null,null,null,null,null,null,null,null,null,null,null,null,null,null,null,null,null,null,null,null,null,null,null,null,null,null,null,null,null,null,null,null,null,null,null,null,null,null,null,null,null,null,null,null,null,null,null,null,null,null,null,null,null,null,null,null,null,null,null,null,null,null,null,null,null,null,null,null,null,null,null,null,null,null,null,null,null,null,null,null,null,null,null,null,null,null,null,null,null,null,null,null,null,null,null,null,null,null,null,null,null,null,null,null,null,null,null,null,null,null,null,null,null,null,null,null,null,null,null,null,null,null,null,null,null,null,null,null,null,null,null,null,null,null,null,null,null,null,null,null,null,null,null,null,null,null,null,null,null,null,null,null,null,null,null,null,null,null,null,null,null,null,null,null,null,null,null,null,null,null,null,null,null,null,null,null,null,null,null,null,null,null,null,null,null,null,null,null,null,null,null,null,null,null,null,null,null,null,null,null,null,null,null,null,null,null,null,null,null,null,null,null,null,null,null,null,null,null,null,null,null,null,null,null,null,null,null,null,null,null,null,null,null,null,null,null,null,null,null,null,null,null,null,null,null,null,null,null,null,null,null,null,null,null,null,null,null,null,null,null,null,null,null,null,null,null,null,null,null,null,null,null,null,null,null,null,null,null,null,null,null,null,null,null,null,null,null,null,null,null,null,null,null,null,null,null,null,null,null,null,null,null,null,null,null,null,0400000US72,Puerto Rico,72
