GEO_ID,B17001B_001E,B17001B_001M,B17001B_002E,B17001B_002M,B17001B_003E,B17001B_003M,B17001B_004E,B17001B_004M,B17001B_005E,B17001B_005M,B17001B_006E,B17001B_006M,B17001B_007E,B17001B_007M,B17001B_008E,B17001B_008M,B17001B_009E,B17001B_009M,B17001B_010E,B17001B_010M,B17001B_011E,B17001B_011M,B17001B_012E,B17001B_012M,B17001B_013E,B17001B_013M,B17001B_014E,B17001B_014M,B17001B_015E,B17001B_015M,B17001B_016E,B17001B_016M,B17001B_017E,B17001B_017M,B17001B_018E,B17001B_018M,B17001B_019E,B17001B_019M,B17001B_020E,B17001B_020M,B17001B_021E,B17001B_021M,B17001B_022E,B17001B_022M,B17001B_023E,B17001B_023M,B17001B_024E,B17001B_024M,B17001B_025E,B17001B_025M,B17001B_026E,B17001B_026M,B17001B_027E,B17001B_027M,B17001B_028E,B17001B_028M,B17001B_029E,B17001B_029M,B17001B_030E,B17001B_030M,B17001B_031E,B17001B_031M,B17001B_032E,B17001B_032M,B17001B_033E,B17001B_033M,B17001B_034E,B17001B_034M,B17001B_035E,B17001B_035M,B17001B_036E,B17001B_036M,B17001B_037E,B17001B_037M,B17001B_038E,B17001B_038M,B17001B_039E,B17001B_039M,B17001B_040E,B17001B_040M,B17001B_041E,B17001B_041M,B17001B_042E,B17001B_042M,B17001B_043E,B17001B_043M,B17001B_044E,B17001B_044M,B17001B_045E,B17001B_045M,B17001B_046E,B17001B_046M,B17001B_047E,B17001B_047M,B17001B_048E,B17001B_048M,B17001B_049E,B17001B_049M,B17001B_050E,B17001B_050M,B17001B_051E,B17001B_051M,B17001B_052E,B17001B_052M,B17001B_053E,B17001B_053M,B17001B_054E,B17001B_054M,B17001B_055E,B17001B_055M,B17001B_056E,B17001B_056M,B17001B_057E,B17001B_057M,B17001B_058E,B17001B_058M,B17001B_059E,B17001B_059M,NAME,B17001B_001EA,B17001B_001MA,B17001B_002EA,B17001B_002MA,B17001B_003MA,B17001B_003EA,B17001B_004EA,B17001B_004MA,B17001B_005EA,B17001B_005MA,B17001B_006EA,B17001B_006MA,B17001B_007EA,B17001B_007MA,B17001B_008EA,B17001B_008MA,B17001B_009MA,B17001B_009EA,B17001B_010EA,B17001B_010MA,B17001B_011EA,B17001B_011MA,B17001B_012EA,B17001B_012MA,B17001B_013EA,B17001B_013MA,B17001B_014MA,B17001B_014EA,B17001B_015EA,B17001B_015MA,B17001B_016MA,B17001B_016EA,B17001B_017EA,B17001B_017MA,B17001B_018EA,B17001B_018MA,B17001B_019EA,B17001B_019MA,B17001B_020MA,B17001B_020EA,B17001B_021MA,B17001B_021EA,B17001B_022MA,B17001B_022EA,B17001B_023MA,B17001B_023EA,B17001B_024EA,B17001B_024MA,B17001B_025EA,B17001B_025MA,B17001B_026EA,B17001B_026MA,B17001B_027EA,B17001B_027MA,B17001B_028MA,B17001B_028EA,B17001B_029MA,B17001B_029EA,B17001B_030EA,B17001B_030MA,B17001B_031MA,B17001B_031EA,B17001B_032MA,B17001B_032EA,B17001B_033EA,B17001B_033MA,B17001B_034MA,B17001B_034EA,B17001B_035MA,B17001B_035EA,B17001B_036MA,B17001B_036EA,B17001B_037EA,B17001B_037MA,B17001B_038EA,B17001B_038MA,B17001B_039MA,B17001B_039EA,B17001B_040MA,B17001B_040EA,B17001B_041EA,B17001B_041MA,B17001B_042MA,B17001B_042EA,B17001B_043MA,B17001B_043EA,B17001B_044EA,B17001B_044MA,B17001B_045MA,B17001B_045EA,B17001B_046EA,B17001B_046MA,B17001B_047MA,B17001B_047EA,B17001B_048EA,B17001B_048MA,B17001B_049EA,B17001B_049MA,B17001B_050MA,B17001B_050EA,B17001B_051EA,B17001B_051MA,B17001B_052EA,B17001B_052MA,B17001B_053MA,B17001B_053EA,B17001B_054MA,B17001B_054EA,B17001B_055EA,B17001B_055MA,B17001B_056EA,B17001B_056MA,B17001B_057EA,B17001B_057MA,B17001B_058MA,B17001B_058EA,B17001B_059EA,B17001B_059MA,state
0400000US01,1256969,6859,380442,15189,159343,7230,21652,2363,4577,1350,24865,2972,10972,2303,3356,937,7178,1254,18050,2202,18888,2432,13622,2199,13233,1660,14851,1731,6186,1010,1913,544,221099,10480,20631,2269,4634,1022,23153,2663,12226,1945,4491,1093,6250,1395,26526,2534,35598,3117,26625,2860,21027,2255,20831,1891,9384,1221,9723,1173,876527,15643,415766,7977,20222,2349,4922,1135,34614,3235,16280,2254,6288,1283,11781,1582,45869,2921,58676,3136,57830,3195,57124,2452,55351,1836,31339,1627,15470,1012,460761,9943,20462,2417,5048,1350,31245,3013,17419,2369,6059,1233,12149,1444,42349,3420,60552,4001,69279,3381,66729,2298,64640,2110,39260,1432,25570,1263,Alabama,null,null,null,null,null,null,null,null,null,null,null,null,null,null,null,null,null,null,null,null,null,null,null,null,null,null,null,null,null,null,null,null,null,null,null,null,null,null,null,null,null,null,null,null,null,null,null,null,null,null,null,null,null,null,null,null,null,null,null,null,null,null,null,null,null,null,null,null,null,null,null,null,null,null,null,null,null,null,null,null,null,null,null,null,null,null,null,null,null,null,null,null,null,null,null,null,null,null,null,null,null,null,null,null,null,null,null,null,null,null,null,null,null,null,null,null,null,null,01
0400000US02,24253,1896,3990,1518,2041,868,4,7,0,149,0,149,155,203,87,152,211,203,107,189,325,273,473,339,609,522,70,112,0,149,0,149,1949,1046,274,366,84,143,133,170,70,96,59,100,52,78,281,229,67,121,304,360,262,236,363,304,0,149,0,149,20263,2339,11886,1373,911,407,0,149,689,490,664,460,61,112,330,302,2331,694,1676,598,2094,699,1273,490,1356,362,501,267,0,149,8377,1279,1024,514,69,125,416,274,758,573,35,48,401,274,633,295,1371,479,1163,589,888,434,1165,358,208,248,246,218,Alaska,null,null,null,null,null,null,null,null,null,null,null,null,null,null,null,null,null,null,null,null,null,null,null,null,null,null,null,null,null,null,null,null,null,null,null,null,null,null,null,null,null,null,null,null,null,null,null,null,null,null,null,null,null,null,null,null,null,null,null,null,null,null,null,null,null,null,null,null,null,null,null,null,null,null,null,null,null,null,null,null,null,null,null,null,null,null,null,null,null,null,null,null,null,null,null,null,null,null,null,null,null,null,null,null,null,null,null,null,null,null,null,null,null,null,null,null,null,null,02
0400000US04,286531,6696,68787,6646,32890,3765,2789,1001,147,140,4585,1340,1727,831,428,341,1957,806,4714,1399,6069,1277,3523,933,2588,842,2827,781,1361,632,175,149,35897,4197,3872,1258,667,409,3781,1163,2376,888,176,211,1318,513,3788,1196,5401,1213,4867,1115,3100,840,4435,1060,1261,491,855,379,217744,8452,109896,4695,7184,1583,1641,657,9919,1741,3978,909,1514,638,3181,850,12851,1476,18788,1555,16008,1359,15267,1066,10361,1055,5813,679,3391,388,107848,5417,6334,1468,2155,1076,8301,1530,4648,1334,2354,671,3595,786,12580,1958,17958,1473,13725,1423,15140,1312,10030,1198,7387,820,3641,626,Arizona,null,null,null,null,null,null,null,null,null,null,null,null,null,null,null,null,null,null,null,null,null,null,null,null,null,null,null,null,null,null,null,null,null,null,null,null,null,null,null,null,null,null,null,null,null,null,null,null,null,null,null,null,null,null,null,null,null,null,null,null,null,null,null,null,null,null,null,null,null,null,null,null,null,null,null,null,null,null,null,null,null,null,null,null,null,null,null,null,null,null,null,null,null,null,null,null,null,null,null,null,null,null,null,null,null,null,null,null,null,null,null,null,null,null,null,null,null,null,04
0400000US05,447110,5439,151379,10465,65970,5888,10068,1955,1729,773,10085,1862,4147,1149,1011,569,2534,913,8982,1756,5934,1550,6492,1184,5147,1010,6976,1025,2029,587,836,352,85409,6217,7741,1819,1778,905,10620,1767,5150,1245,1305,659,2925,962,11954,2325,12596,1901,10840,1946,6895,1209,8098,1334,2815,595,2692,612,295731,10235,141624,5745,6932,1482,2184,886,13052,2464,6258,1354,2597,896,4501,1050,14673,1913,20506,2280,19994,2225,19289,1779,17076,1349,10261,967,4301,706,154107,6598,7406,1457,1437,686,11306,1886,4449,1130,2274,943,4506,1114,13998,2110,22739,2428,21930,1906,22496,1563,21615,1440,12102,859,7849,879,Arkansas,null,null,null,null,null,null,null,null,null,null,null,null,null,null,null,null,null,null,null,null,null,null,null,null,null,null,null,null,null,null,null,null,null,null,null,null,null,null,null,null,null,null,null,null,null,null,null,null,null,null,null,null,null,null,null,null,null,null,null,null,null,null,null,null,null,null,null,null,null,null,null,null,null,null,null,null,null,null,null,null,null,null,null,null,null,null,null,null,null,null,null,null,null,null,null,null,null,null,null,null,null,null,null,null,null,null,null,null,null,null,null,null,null,null,null,null,null,null,05
0400000US06,2180545,14942,490218,15643,221070,8914,20896,2656,4439,1364,22399,2649,12909,2097,3829,1123,8079,1402,30928,3002,30337,3478,20724,2771,27494,2274,26533,2513,8342,1241,4161,778,269148,11294,21833,2666,5086,1286,25274,3116,12002,2005,4831,1017,8880,1630,37568,3520,39225,3494,32298,2967,31800,2638,28703,3039,12011,1714,9637,1377,1690327,18484,833962,10417,44535,3041,10512,1742,51303,3752,31201,2679,9950,1447,23540,2327,88863,3799,138410,3961,110062,3793,122671,3249,103298,2650,60824,1737,38793,1356,856365,12295,40949,2797,5577,1268,56451,3609,29086,3191,12260,1904,19139,2301,78365,4043,125171,4342,110576,3132,131806,3713,117895,3654,75154,2554,53936,1814,California,null,null,null,null,null,null,null,null,null,null,null,null,null,null,null,null,null,null,null,null,null,null,null,null,null,null,null,null,null,null,null,null,null,null,null,null,null,null,null,null,null,null,null,null,null,null,null,null,null,null,null,null,null,null,null,null,null,null,null,null,null,null,null,null,null,null,null,null,null,null,null,null,null,null,null,null,null,null,null,null,null,null,null,null,null,null,null,null,null,null,null,null,null,null,null,null,null,null,null,null,null,null,null,null,null,null,null,null,null,null,null,null,null,null,null,null,null,null,06
0400000US08,214866,6151,42788,6286,18781,3003,2276,734,782,431,2962,1371,1099,497,349,333,461,447,2457,977,3198,1199,1315,604,1342,621,1930,695,240,215,370,226,24007,4074,3683,1369,493,303,2053,898,1041,594,123,173,1048,647,3243,884,3738,1382,2221,789,2070,748,2095,745,1663,691,536,497,172078,6909,92299,3744,5056,1122,1102,608,6202,1129,3763,1366,1301,596,2313,723,10305,1702,16488,1613,14277,1045,13720,1287,10187,1088,5141,549,2444,569,79779,4368,4057,1284,1125,458,7431,1310,4177,1107,773,355,2514,791,7631,1225,12732,1236,10886,997,11125,987,9654,805,4518,691,3156,639,Colorado,null,null,null,null,null,null,null,null,null,null,null,null,null,null,null,null,null,null,null,null,null,null,null,null,null,null,null,null,null,null,null,null,null,null,null,null,null,null,null,null,null,null,null,null,null,null,null,null,null,null,null,null,null,null,null,null,null,null,null,null,null,null,null,null,null,null,null,null,null,null,null,null,null,null,null,null,null,null,null,null,null,null,null,null,null,null,null,null,null,null,null,null,null,null,null,null,null,null,null,null,null,null,null,null,null,null,null,null,null,null,null,null,null,null,null,null,null,null,08
0400000US09,362625,6636,74231,7719,30271,4131,3863,1190,704,410,4534,1512,1822,650,1315,694,1075,510,2991,893,3827,1058,2493,753,3220,842,2877,925,842,435,708,345,43960,5238,3004,871,1007,563,4475,1000,1816,744,579,438,1717,1057,5431,1552,7468,1429,5094,1271,6180,1235,3883,1061,1614,566,1692,577,288394,9358,139603,5345,8889,1244,1437,572,12546,1823,5472,1336,1359,587,4778,1054,17599,1272,19129,1558,20297,1502,20483,1474,15142,1037,8308,526,4164,746,148791,5443,7390,1087,2172,786,10373,1762,6066,1219,1474,720,4335,868,12493,1599,22149,1537,20803,1772,24324,1607,18128,1194,12158,753,6926,675,Connecticut,null,null,null,null,null,null,null,null,null,null,null,null,null,null,null,null,null,null,null,null,null,null,null,null,null,null,null,null,null,null,null,null,null,null,null,null,null,null,null,null,null,null,null,null,null,null,null,null,null,null,null,null,null,null,null,null,null,null,null,null,null,null,null,null,null,null,null,null,null,null,null,null,null,null,null,null,null,null,null,null,null,null,null,null,null,null,null,null,null,null,null,null,null,null,null,null,null,null,null,null,null,null,null,null,null,null,null,null,null,null,null,null,null,null,null,null,null,null,09
0400000US10,195197,3529,39338,6404,16645,3314,2089,1115,297,330,2494,979,1739,836,963,553,829,434,1783,1016,685,365,1513,559,1869,719,1650,663,430,286,304,359,22693,3926,1555,761,725,509,2593,822,1279,722,139,141,956,502,2751,1381,3695,1037,2876,1102,2025,702,2411,771,1080,424,608,315,155859,6960,73848,3378,4005,1107,745,396,5508,1063,3520,983,1633,752,1631,620,8603,1133,10955,928,9784,895,11041,795,8357,730,5664,524,2402,218,82011,4445,4422,995,1126,607,5615,1281,2874,1030,873,549,2201,724,7289,1292,10938,1490,11001,1131,13674,804,10942,807,6696,442,4360,378,Delaware,null,null,null,null,null,null,null,null,null,null,null,null,null,null,null,null,null,null,null,null,null,null,null,null,null,null,null,null,null,null,null,null,null,null,null,null,null,null,null,null,null,null,null,null,null,null,null,null,null,null,null,null,null,null,null,null,null,null,null,null,null,null,null,null,null,null,null,null,null,null,null,null,null,null,null,null,null,null,null,null,null,null,null,null,null,null,null,null,null,null,null,null,null,null,null,null,null,null,null,null,null,null,null,null,null,null,null,null,null,null,null,null,null,null,null,null,null,null,10
0400000US11,305616,3095,81216,7166,34534,3867,3264,787,1552,648,3987,1082,1112,453,926,559,783,428,4307,1254,3019,1088,3309,918,4303,992,4845,868,2301,757,826,314,46682,4405,4814,1297,1340,508,4921,1079,1734,672,603,677,1421,730,4436,1288,6955,1259,5174,991,4529,858,5777,1172,2549,791,2429,647,224400,7883,103659,4254,6928,794,1281,599,6379,1360,3390,908,869,389,2650,627,10092,1412,18012,1247,12937,1062,14967,1111,13347,915,7711,762,5096,461,120741,4855,6175,1325,1214,449,5481,982,3316,803,1393,649,1738,756,9766,1509,19015,1466,15294,1162,17455,1001,17938,1338,11677,798,10279,737,District of Columbia,null,null,null,null,null,null,null,null,null,null,null,null,null,null,null,null,null,null,null,null,null,null,null,null,null,null,null,null,null,null,null,null,null,null,null,null,null,null,null,null,null,null,null,null,null,null,null,null,null,null,null,null,null,null,null,null,null,null,null,null,null,null,null,null,null,null,null,null,null,null,null,null,null,null,null,null,null,null,null,null,null,null,null,null,null,null,null,null,null,null,null,null,null,null,null,null,null,null,null,null,null,null,null,null,null,null,null,null,null,null,null,null,null,null,null,null,null,null,11
0400000US12,3160342,16291,794933,26882,347879,13888,45143,4018,7681,1595,51354,4751,22695,3166,9046,1898,15679,2481,44191,4554,36570,3857,29963,4031,33588,3086,30839,3256,13802,1920,7328,1329,447054,15966,45386,4190,9831,2027,50993,4583,21161,2931,8944,1514,16216,2271,54393,4080,67924,4604,50637,4220,43489,3112,40156,3024,21037,2413,16887,2182,2365409,25836,1130060,15446,73567,4351,14348,2011,91286,5279,48579,4485,17974,2170,33106,3280,125952,5372,177391,5340,157116,5026,151209,4371,126147,3608,72601,2604,40784,1741,1235349,15850,69923,3960,12307,1684,87905,5766,51585,4104,16031,2380,32590,3015,120219,4892,191671,5468,174023,4735,172982,3865,149100,3780,93754,2648,63259,2919,Florida,null,null,null,null,null,null,null,null,null,null,null,null,null,null,null,null,null,null,null,null,null,null,null,null,null,null,null,null,null,null,null,null,null,null,null,null,null,null,null,null,null,null,null,null,null,null,null,null,null,null,null,null,null,null,null,null,null,null,null,null,null,null,null,null,null,null,null,null,null,null,null,null,null,null,null,null,null,null,null,null,null,null,null,null,null,null,null,null,null,null,null,null,null,null,null,null,null,null,null,null,null,null,null,null,null,null,null,null,null,null,null,null,null,null,null,null,null,null,12
0400000US13,3080216,15926,764905,22868,313493,12030,41159,3821,9879,1843,49176,4118,24026,2621,6709,1674,12726,2082,38954,4460,36146,3749,27439,3177,25716,2601,28911,2886,9692,1640,2960,710,451412,15688,46457,4173,9345,1854,51539,4618,25796,3250,7592,1412,17223,2607,56366,4488,66619,4666,55134,3593,41826,3923,39165,2854,19445,1817,14905,1978,2315311,27585,1095154,14608,70069,3946,16585,2701,93039,4820,47525,4630,18758,2234,35333,2712,116712,4815,162996,4902,159051,4340,157288,4044,120770,3859,68784,2328,28244,1922,1220157,18422,60377,4058,11886,2296,90241,5664,46565,3763,18247,2320,31392,2825,115924,6491,178073,5349,188887,4392,188439,4313,154338,3673,87690,2835,48098,2384,Georgia,null,null,null,null,null,null,null,null,null,null,null,null,null,null,null,null,null,null,null,null,null,null,null,null,null,null,null,null,null,null,null,null,null,null,null,null,null,null,null,null,null,null,null,null,null,null,null,null,null,null,null,null,null,null,null,null,null,null,null,null,null,null,null,null,null,null,null,null,null,null,null,null,null,null,null,null,null,null,null,null,null,null,null,null,null,null,null,null,null,null,null,null,null,null,null,null,null,null,null,null,null,null,null,null,null,null,null,null,null,null,null,null,null,null,null,null,null,null,13
0400000US15,null,null,null,null,null,null,null,null,null,null,null,null,null,null,null,null,null,null,null,null,null,null,null,null,null,null,null,null,null,null,null,null,null,null,null,null,null,null,null,null,null,null,null,null,null,null,null,null,null,null,null,null,null,null,null,null,null,null,null,null,null,null,null,null,null,null,null,null,null,null,null,null,null,null,null,null,null,null,null,null,null,null,null,null,null,null,null,null,null,null,null,null,null,null,null,null,null,null,null,null,null,null,null,null,null,null,null,null,null,null,null,null,null,null,null,null,null,null,Hawaii,null,null,null,null,null,null,null,null,null,null,null,null,null,null,null,null,null,null,null,null,null,null,null,null,null,null,null,null,null,null,null,null,null,null,null,null,null,null,null,null,null,null,null,null,null,null,null,null,null,null,null,null,null,null,null,null,null,null,null,null,null,null,null,null,null,null,null,null,null,null,null,null,null,null,null,null,null,null,null,null,null,null,null,null,null,null,null,null,null,null,null,null,null,null,null,null,null,null,null,null,null,null,null,null,null,null,null,null,null,null,null,null,null,null,null,null,null,null,15
0400000US16,null,null,null,null,null,null,null,null,null,null,null,null,null,null,null,null,null,null,null,null,null,null,null,null,null,null,null,null,null,null,null,null,null,null,null,null,null,null,null,null,null,null,null,null,null,null,null,null,null,null,null,null,null,null,null,null,null,null,null,null,null,null,null,null,null,null,null,null,null,null,null,null,null,null,null,null,null,null,null,null,null,null,null,null,null,null,null,null,null,null,null,null,null,null,null,null,null,null,null,null,null,null,null,null,null,null,null,null,null,null,null,null,null,null,null,null,null,null,Idaho,null,null,null,null,null,null,null,null,null,null,null,null,null,null,null,null,null,null,null,null,null,null,null,null,null,null,null,null,null,null,null,null,null,null,null,null,null,null,null,null,null,null,null,null,null,null,null,null,null,null,null,null,null,null,null,null,null,null,null,null,null,null,null,null,null,null,null,null,null,null,null,null,null,null,null,null,null,null,null,null,null,null,null,null,null,null,null,null,null,null,null,null,null,null,null,null,null,null,null,null,null,null,null,null,null,null,null,null,null,null,null,null,null,null,null,null,null,null,16
0400000US17,1767166,9225,498446,18521,210791,9263,27944,3090,4370,1170,29135,3046,11902,2009,4215,788,8749,1531,26486,2538,23943,2834,17220,2283,19600,2172,24643,2008,8927,1273,3657,922,287655,11652,26982,2867,4962,1174,31357,3056,14316,1821,4904,1187,10385,1722,39369,2955,40664,3201,34631,2669,28856,2351,29215,2641,12471,1389,9543,1300,1268720,17814,593389,10191,32728,2727,7066,1321,47916,3133,26962,2788,9802,1347,18359,1727,68583,2969,84972,3355,81743,3034,83142,2732,66984,2199,41416,1585,23716,1281,675331,11235,33236,3418,5938,1345,47471,3432,23812,2581,9502,1413,17107,1864,63247,3447,91263,3751,92337,2429,97822,2798,91489,3040,59858,1851,42249,1650,Illinois,null,null,null,null,null,null,null,null,null,null,null,null,null,null,null,null,null,null,null,null,null,null,null,null,null,null,null,null,null,null,null,null,null,null,null,null,null,null,null,null,null,null,null,null,null,null,null,null,null,null,null,null,null,null,null,null,null,null,null,null,null,null,null,null,null,null,null,null,null,null,null,null,null,null,null,null,null,null,null,null,null,null,null,null,null,null,null,null,null,null,null,null,null,null,null,null,null,null,null,null,null,null,null,null,null,null,null,null,null,null,null,null,null,null,null,null,null,null,17
0400000US18,576696,7613,163614,10103,70139,5242,11353,1839,1932,742,11688,2015,5454,1540,1337,794,2392,1045,6684,1284,6232,1297,7125,1664,6552,1227,6383,1346,1754,557,1253,523,93475,6529,10561,1879,1715,860,12806,1991,5435,1703,2008,755,2964,913,11262,1761,16625,2081,9824,1452,7481,1670,7640,1197,2744,689,2410,611,413082,10902,195769,6051,10457,1668,2619,1052,16040,2187,9730,1510,3560,1019,7006,1185,22758,2172,29783,2245,26424,2132,26641,1795,22277,1332,12323,907,6151,608,217313,6926,11239,1786,3207,755,16990,2220,6081,1287,3306,921,7028,1179,22393,2324,30483,2510,30622,2328,31914,2126,27839,1349,15850,982,10361,983,Indiana,null,null,null,null,null,null,null,null,null,null,null,null,null,null,null,null,null,null,null,null,null,null,null,null,null,null,null,null,null,null,null,null,null,null,null,null,null,null,null,null,null,null,null,null,null,null,null,null,null,null,null,null,null,null,null,null,null,null,null,null,null,null,null,null,null,null,null,null,null,null,null,null,null,null,null,null,null,null,null,null,null,null,null,null,null,null,null,null,null,null,null,null,null,null,null,null,null,null,null,null,null,null,null,null,null,null,null,null,null,null,null,null,null,null,null,null,null,null,18
0400000US19,97448,4116,35185,5285,16927,3033,2466,744,1062,618,2897,906,827,490,212,161,561,604,2782,1389,1938,825,1634,656,1258,674,1104,556,186,177,0,155,18258,3203,2311,1092,525,341,2928,948,1500,833,143,117,506,342,2477,895,4066,1225,1163,530,894,487,1215,526,456,313,74,85,62263,4739,32829,2819,2568,650,346,268,2706,825,1246,535,909,427,576,378,3080,771,5369,1359,6078,1568,5266,1226,2683,484,884,330,1118,475,29434,3208,2047,713,211,199,2047,706,2340,944,700,349,1190,510,3091,824,4970,1044,4165,897,3784,960,2501,524,1070,401,1318,383,Iowa,null,null,null,null,null,null,null,null,null,null,null,null,null,null,null,null,null,null,null,null,null,null,null,null,null,null,null,null,null,null,null,null,null,null,null,null,null,null,null,null,null,null,null,null,null,null,null,null,null,null,null,null,null,null,null,null,null,null,null,null,null,null,null,null,null,null,null,null,null,null,null,null,null,null,null,null,null,null,null,null,null,null,null,null,null,null,null,null,null,null,null,null,null,null,null,null,null,null,null,null,null,null,null,null,null,null,null,null,null,null,null,null,null,null,null,null,null,null,19
0400000US20,162824,4887,42466,5094,20597,2845,2077,708,218,179,2975,1028,2562,1096,519,400,662,420,3835,1017,1932,720,1401,641,1870,772,1635,581,603,305,308,210,21869,3098,2324,752,357,213,3525,1171,1859,732,284,253,318,384,2428,931,3069,881,2019,730,1224,484,2595,700,1095,531,772,385,120358,5484,60674,3340,4378,1101,717,529,4523,995,1691,609,1341,806,1791,772,6415,1164,9895,1263,9319,1397,8455,1204,6926,747,3450,378,1773,329,59684,3489,2818,801,675,483,4808,1356,2764,938,660,389,2085,564,6242,1117,9175,1279,7553,922,8100,865,7396,830,4284,597,3124,427,Kansas,null,null,null,null,null,null,null,null,null,null,null,null,null,null,null,null,null,null,null,null,null,null,null,null,null,null,null,null,null,null,null,null,null,null,null,null,null,null,null,null,null,null,null,null,null,null,null,null,null,null,null,null,null,null,null,null,null,null,null,null,null,null,null,null,null,null,null,null,null,null,null,null,null,null,null,null,null,null,null,null,null,null,null,null,null,null,null,null,null,null,null,null,null,null,null,null,null,null,null,null,null,null,null,null,null,null,null,null,null,null,null,null,null,null,null,null,null,null,20
0400000US21,334091,5577,103007,7427,46937,4410,6015,1300,946,541,7558,1623,2735,1037,1737,603,1861,662,5615,1307,4246,1277,3645,960,4690,1136,5250,1225,1757,740,882,490,56070,4475,4517,1191,800,444,7287,1592,3097,1068,1260,591,1813,663,7727,1481,8514,1862,5540,1050,5131,1084,5096,1206,2696,697,2592,823,231084,7291,116518,4594,5593,1245,1299,733,9460,2069,3790,900,1191,461,3907,1009,13671,1802,18770,1946,15131,1282,17267,1856,15233,1391,7683,787,3523,707,114566,4362,6428,1504,920,478,7802,1593,2748,884,1274,463,2126,658,9896,1603,16039,1846,16048,1557,16845,1406,18915,1597,9819,909,5706,710,Kentucky,null,null,null,null,null,null,null,null,null,null,null,null,null,null,null,null,null,null,null,null,null,null,null,null,null,null,null,null,null,null,null,null,null,null,null,null,null,null,null,null,null,null,null,null,null,null,null,null,null,null,null,null,null,null,null,null,null,null,null,null,null,null,null,null,null,null,null,null,null,null,null,null,null,null,null,null,null,null,null,null,null,null,null,null,null,null,null,null,null,null,null,null,null,null,null,null,null,null,null,null,null,null,null,null,null,null,null,null,null,null,null,null,null,null,null,null,null,null,21
0400000US22,1440545,7644,463467,17686,192598,8716,28625,2415,6637,1286,31561,3323,14468,2026,3755,909,9638,1805,20358,2341,17230,2380,13802,1921,15466,2083,18941,1805,8241,1134,3876,880,270869,11261,30853,2929,5382,1486,31939,3654,14152,2240,5121,1012,6450,1348,30574,2991,48758,3203,29116,2813,23462,2677,22541,2093,12710,1649,9811,1354,977078,17807,471759,9676,26693,2761,5926,1453,38194,3707,19209,2557,8404,1698,13954,1661,56971,3461,71771,3886,63933,2860,61642,2439,58231,2355,31000,1661,15831,1276,505319,11370,23722,2763,5563,1298,37234,3430,16824,1816,8015,1665,13809,1971,52749,3548,69149,3361,66672,3100,74299,3172,71578,2239,39977,1832,25728,1590,Louisiana,null,null,null,null,null,null,null,null,null,null,null,null,null,null,null,null,null,null,null,null,null,null,null,null,null,null,null,null,null,null,null,null,null,null,null,null,null,null,null,null,null,null,null,null,null,null,null,null,null,null,null,null,null,null,null,null,null,null,null,null,null,null,null,null,null,null,null,null,null,null,null,null,null,null,null,null,null,null,null,null,null,null,null,null,null,null,null,null,null,null,null,null,null,null,null,null,null,null,null,null,null,null,null,null,null,null,null,null,null,null,null,null,null,null,null,null,null,null,22
0400000US23,13899,1732,5961,1706,2948,1081,271,271,136,136,567,361,221,186,0,163,12,24,315,285,300,293,312,282,412,340,328,291,0,163,74,125,3013,1011,155,145,52,57,775,416,225,186,67,100,84,96,309,299,656,414,400,285,221,276,69,110,0,163,0,163,7938,1533,5305,1122,237,222,0,163,559,557,328,260,140,227,33,49,976,814,403,344,1005,480,846,516,403,266,160,190,215,269,2633,1023,295,285,273,384,333,245,67,95,59,92,113,125,163,134,228,201,431,314,21,28,313,327,222,261,115,118,Maine,null,null,null,null,null,null,null,null,null,null,null,null,null,null,null,null,null,null,null,null,null,null,null,null,null,null,null,null,null,null,null,null,null,null,null,null,null,null,null,null,null,null,null,null,null,null,null,null,null,null,null,null,null,null,null,null,null,null,null,null,null,null,null,null,null,null,null,null,null,null,null,null,null,null,null,null,null,null,null,null,null,null,null,null,null,null,null,null,null,null,null,null,null,null,null,null,null,null,null,null,null,null,null,null,null,null,null,null,null,null,null,null,null,null,null,null,null,null,23
0400000US24,1717621,9988,248689,14388,102387,7029,12124,2391,2507,886,15904,2383,5761,1092,2774,820,4466,921,12786,2325,10997,1966,6966,1597,11108,1779,11191,1525,3779,779,2024,711,146302,9243,14437,2284,2782,931,14703,2052,5550,1241,2605,819,5387,1411,16510,2458,22991,2445,16903,2297,16066,1884,13709,2079,7350,1095,7309,1333,1468932,15398,685952,8866,43287,3074,8361,1568,58752,3184,27087,2831,9725,1170,19454,1626,64724,2866,101230,2542,96429,2686,104908,2076,82284,1542,46656,1188,23055,1247,782980,9318,39023,2579,10968,1711,51173,2894,28331,2920,9628,1612,18875,1850,67718,3101,111825,3238,111936,2521,124997,2318,108141,2214,63171,1729,37194,1495,Maryland,null,null,null,null,null,null,null,null,null,null,null,null,null,null,null,null,null,null,null,null,null,null,null,null,null,null,null,null,null,null,null,null,null,null,null,null,null,null,null,null,null,null,null,null,null,null,null,null,null,null,null,null,null,null,null,null,null,null,null,null,null,null,null,null,null,null,null,null,null,null,null,null,null,null,null,null,null,null,null,null,null,null,null,null,null,null,null,null,null,null,null,null,null,null,null,null,null,null,null,null,null,null,null,null,null,null,null,null,null,null,null,null,null,null,null,null,null,null,24
0400000US25,479751,8725,103725,8979,45299,5448,5584,1535,787,529,6894,1602,2933,942,1265,589,2084,868,6556,1763,5772,1780,4024,1229,4175,906,3142,762,1291,510,792,453,58426,5227,4251,1280,640,361,6751,1422,2876,829,1389,663,1850,729,7751,1495,8385,1819,8302,1785,5115,949,6112,1439,2778,883,2226,631,376026,11103,183563,6630,12501,1520,2188,754,14312,2374,7532,1543,2210,837,4521,931,21871,2313,28445,2370,27054,2057,25690,1529,21316,1148,10383,1082,5540,806,192463,6606,12449,1517,1370,544,14791,1924,7237,1390,2272,817,5822,1012,17654,2252,33367,2409,26059,1910,27917,1587,22014,1544,12607,1080,8904,994,Massachusetts,null,null,null,null,null,null,null,null,null,null,null,null,null,null,null,null,null,null,null,null,null,null,null,null,null,null,null,null,null,null,null,null,null,null,null,null,null,null,null,null,null,null,null,null,null,null,null,null,null,null,null,null,null,null,null,null,null,null,null,null,null,null,null,null,null,null,null,null,null,null,null,null,null,null,null,null,null,null,null,null,null,null,null,null,null,null,null,null,null,null,null,null,null,null,null,null,null,null,null,null,null,null,null,null,null,null,null,null,null,null,null,null,null,null,null,null,null,null,25
0400000US26,1323891,9801,436114,14864,197619,7977,25875,2450,2806,837,27903,2992,14855,2460,3616,916,8177,1172,25312,2246,22855,2136,18339,2444,20697,2134,18718,1681,6213,855,2253,548,238495,8880,24290,2131,3579,992,27661,2195,11407,1820,4404,965,8289,1565,31737,3194,35433,2501,29014,2373,26235,1993,21965,2091,9223,1079,5258,945,887777,16766,415786,9218,23270,2446,4219,1063,30135,2884,15821,1789,6566,1100,11935,1295,49340,2967,57550,2500,55713,2458,57816,2097,51634,1646,33472,1194,18315,721,471991,9831,21051,2211,4286,871,28893,2589,15267,2035,7041,1238,11883,1442,48280,3146,58740,2767,64440,2485,67432,2030,66963,2339,45506,1240,32209,1078,Michigan,null,null,null,null,null,null,null,null,null,null,null,null,null,null,null,null,null,null,null,null,null,null,null,null,null,null,null,null,null,null,null,null,null,null,null,null,null,null,null,null,null,null,null,null,null,null,null,null,null,null,null,null,null,null,null,null,null,null,null,null,null,null,null,null,null,null,null,null,null,null,null,null,null,null,null,null,null,null,null,null,null,null,null,null,null,null,null,null,null,null,null,null,null,null,null,null,null,null,null,null,null,null,null,null,null,null,null,null,null,null,null,null,null,null,null,null,null,null,26
0400000US27,308371,5352,99772,9140,48810,4584,7294,1496,1503,700,8559,1596,3236,1059,1010,500,2020,622,5840,1324,5705,1042,3943,1047,5005,1020,3061,794,1253,442,381,262,50962,5522,6103,1330,746,511,7119,1557,2985,800,721,411,1672,629,6300,1359,8696,1514,6324,1551,4006,994,3711,1045,1600,566,979,490,208599,10219,105642,5460,9780,1747,1393,574,12966,1980,4310,1157,2203,697,3492,981,10216,1561,18043,1460,18088,1563,12977,1084,8370,1070,2992,565,812,347,102957,5968,8740,1317,1341,552,12432,1785,6159,1608,1017,489,3327,760,11043,1604,18683,1690,14946,1605,11535,1243,7790,1014,4395,877,1549,535,Minnesota,null,null,null,null,null,null,null,null,null,null,null,null,null,null,null,null,null,null,null,null,null,null,null,null,null,null,null,null,null,null,null,null,null,null,null,null,null,null,null,null,null,null,null,null,null,null,null,null,null,null,null,null,null,null,null,null,null,null,null,null,null,null,null,null,null,null,null,null,null,null,null,null,null,null,null,null,null,null,null,null,null,null,null,null,null,null,null,null,null,null,null,null,null,null,null,null,null,null,null,null,null,null,null,null,null,null,null,null,null,null,null,null,null,null,null,null,null,null,27
0400000US28,1087392,5106,377311,11855,160213,6479,20680,2211,5146,1316,25302,2244,12348,1748,3311,867,6826,1229,18228,2403,15477,2358,16379,2271,12347,1746,15093,1556,5674,1236,3402,915,217098,7966,21278,2099,3625,1020,25455,2650,12629,1991,3744,1079,7223,1083,26625,2878,32747,2724,26703,2668,19189,2170,19226,1887,11101,1383,7553,1183,710081,11965,339374,6777,18815,2320,4200,1287,29199,2959,12567,1758,7269,1615,11282,1509,40881,2614,46740,3136,46530,3499,46086,2881,40858,1853,24602,1964,10345,1296,370707,7806,20259,2235,4264,1410,24989,2454,15369,1982,5944,1418,9570,1579,36126,2640,46980,3257,56018,2942,53012,2558,50727,1991,29649,1664,17800,1575,Mississippi,null,null,null,null,null,null,null,null,null,null,null,null,null,null,null,null,null,null,null,null,null,null,null,null,null,null,null,null,null,null,null,null,null,null,null,null,null,null,null,null,null,null,null,null,null,null,null,null,null,null,null,null,null,null,null,null,null,null,null,null,null,null,null,null,null,null,null,null,null,null,null,null,null,null,null,null,null,null,null,null,null,null,null,null,null,null,null,null,null,null,null,null,null,null,null,null,null,null,null,null,null,null,null,null,null,null,null,null,null,null,null,null,null,null,null,null,null,null,28
0400000US29,676854,6959,189840,12261,77696,5890,9189,1771,2002,952,13378,2249,6185,1726,1388,585,4433,1087,8950,1411,9607,1872,6387,1471,6259,1122,6856,1161,2012,702,1050,508,112144,8692,13594,2489,1975,878,14093,1914,5630,1606,2277,745,3441,968,14535,2607,18603,2379,10717,1785,10911,1617,9459,1428,3475,815,3434,704,487014,12688,231344,6405,15271,1998,2827,1075,16850,2190,9220,1696,3348,914,7231,1260,27123,2071,32829,2331,31114,1986,33997,2445,28832,1327,14572,808,8130,602,255670,8193,12794,2249,3035,1103,18046,2459,7421,1394,4167,1252,6714,1181,24948,2428,34174,2293,36069,2227,37912,1705,34681,1693,21537,1024,14172,877,Missouri,null,null,null,null,null,null,null,null,null,null,null,null,null,null,null,null,null,null,null,null,null,null,null,null,null,null,null,null,null,null,null,null,null,null,null,null,null,null,null,null,null,null,null,null,null,null,null,null,null,null,null,null,null,null,null,null,null,null,null,null,null,null,null,null,null,null,null,null,null,null,null,null,null,null,null,null,null,null,null,null,null,null,null,null,null,null,null,null,null,null,null,null,null,null,null,null,null,null,null,null,null,null,null,null,null,null,null,null,null,null,null,null,null,null,null,null,null,null,29
0400000US30,null,null,null,null,null,null,null,null,null,null,null,null,null,null,null,null,null,null,null,null,null,null,null,null,null,null,null,null,null,null,null,null,null,null,null,null,null,null,null,null,null,null,null,null,null,null,null,null,null,null,null,null,null,null,null,null,null,null,null,null,null,null,null,null,null,null,null,null,null,null,null,null,null,null,null,null,null,null,null,null,null,null,null,null,null,null,null,null,null,null,null,null,null,null,null,null,null,null,null,null,null,null,null,null,null,null,null,null,null,null,null,null,null,null,null,null,null,null,Montana,null,null,null,null,null,null,null,null,null,null,null,null,null,null,null,null,null,null,null,null,null,null,null,null,null,null,null,null,null,null,null,null,null,null,null,null,null,null,null,null,null,null,null,null,null,null,null,null,null,null,null,null,null,null,null,null,null,null,null,null,null,null,null,null,null,null,null,null,null,null,null,null,null,null,null,null,null,null,null,null,null,null,null,null,null,null,null,null,null,null,null,null,null,null,null,null,null,null,null,null,null,null,null,null,null,null,null,null,null,null,null,null,null,null,null,null,null,null,30
0400000US31,86185,3081,24622,3620,10778,1757,1069,503,423,285,1788,691,739,424,452,274,378,245,1627,626,1059,531,906,534,840,415,948,392,361,259,188,211,13844,2363,1940,825,313,372,1518,754,916,509,199,243,448,388,2328,763,1714,617,1567,587,1099,510,996,368,548,258,258,167,61563,3918,31551,2184,1809,641,574,488,2546,723,1269,433,677,304,1038,309,4379,750,5768,1052,3869,685,4601,737,2917,546,1322,306,782,184,30012,2594,2102,695,443,293,3500,987,996,449,302,307,1051,351,2992,763,4584,826,3862,671,3946,588,3179,531,1798,411,1257,332,Nebraska,null,null,null,null,null,null,null,null,null,null,null,null,null,null,null,null,null,null,null,null,null,null,null,null,null,null,null,null,null,null,null,null,null,null,null,null,null,null,null,null,null,null,null,null,null,null,null,null,null,null,null,null,null,null,null,null,null,null,null,null,null,null,null,null,null,null,null,null,null,null,null,null,null,null,null,null,null,null,null,null,null,null,null,null,null,null,null,null,null,null,null,null,null,null,null,null,null,null,null,null,null,null,null,null,null,null,null,null,null,null,null,null,null,null,null,null,null,null,31
0400000US32,238632,4746,59742,7865,28875,4257,3879,1284,1029,487,5173,1304,1293,578,449,366,1423,581,2576,842,3811,1227,1778,728,3300,955,2291,720,1394,613,479,323,30867,4541,3299,982,780,571,3288,1426,1431,874,960,593,584,434,4101,1115,5709,1292,3928,1032,2548,936,2688,635,897,615,654,321,178890,7871,87288,4180,4089,1285,1176,513,6517,1153,3315,932,1173,660,1794,697,8709,1174,14205,1418,13726,1031,12778,1192,10233,990,5673,680,3900,412,91602,4785,4787,1090,631,459,6974,1276,3125,1193,1615,924,1949,782,8775,1300,14702,1580,13056,1332,13155,1173,10574,716,7666,653,4593,448,Nevada,null,null,null,null,null,null,null,null,null,null,null,null,null,null,null,null,null,null,null,null,null,null,null,null,null,null,null,null,null,null,null,null,null,null,null,null,null,null,null,null,null,null,null,null,null,null,null,null,null,null,null,null,null,null,null,null,null,null,null,null,null,null,null,null,null,null,null,null,null,null,null,null,null,null,null,null,null,null,null,null,null,null,null,null,null,null,null,null,null,null,null,null,null,null,null,null,null,null,null,null,null,null,null,null,null,null,null,null,null,null,null,null,null,null,null,null,null,null,32
0400000US33,null,null,null,null,null,null,null,null,null,null,null,null,null,null,null,null,null,null,null,null,null,null,null,null,null,null,null,null,null,null,null,null,null,null,null,null,null,null,null,null,null,null,null,null,null,null,null,null,null,null,null,null,null,null,null,null,null,null,null,null,null,null,null,null,null,null,null,null,null,null,null,null,null,null,null,null,null,null,null,null,null,null,null,null,null,null,null,null,null,null,null,null,null,null,null,null,null,null,null,null,null,null,null,null,null,null,null,null,null,null,null,null,null,null,null,null,null,null,New Hampshire,null,null,null,null,null,null,null,null,null,null,null,null,null,null,null,null,null,null,null,null,null,null,null,null,null,null,null,null,null,null,null,null,null,null,null,null,null,null,null,null,null,null,null,null,null,null,null,null,null,null,null,null,null,null,null,null,null,null,null,null,null,null,null,null,null,null,null,null,null,null,null,null,null,null,null,null,null,null,null,null,null,null,null,null,null,null,null,null,null,null,null,null,null,null,null,null,null,null,null,null,null,null,null,null,null,null,null,null,null,null,null,null,null,null,null,null,null,null,33
0400000US34,1148417,9434,213753,12312,94294,6409,12340,1958,1762,697,11240,1793,5495,1247,2013,676,4838,1145,10365,1656,10036,1710,11617,2023,10556,1408,9144,1474,2925,817,1963,526,119459,7507,10958,1781,1657,580,12877,2066,5511,1246,1745,800,3661,899,12189,1846,18451,2334,14845,1634,15304,2155,10075,1584,6532,1358,5654,1027,934664,13275,436670,7735,24963,2013,3644,1012,37147,2647,17855,2026,6012,1162,12646,1686,49436,2604,64542,2988,60352,2555,65146,2306,51502,1746,28349,1222,15076,891,497994,8218,25167,2249,4725,1209,32543,2795,17433,2194,6495,1352,12528,1367,45503,2648,67779,3035,72627,2055,79187,2399,66406,2105,40383,1487,27218,1287,New Jersey,null,null,null,null,null,null,null,null,null,null,null,null,null,null,null,null,null,null,null,null,null,null,null,null,null,null,null,null,null,null,null,null,null,null,null,null,null,null,null,null,null,null,null,null,null,null,null,null,null,null,null,null,null,null,null,null,null,null,null,null,null,null,null,null,null,null,null,null,null,null,null,null,null,null,null,null,null,null,null,null,null,null,null,null,null,null,null,null,null,null,null,null,null,null,null,null,null,null,null,null,null,null,null,null,null,null,null,null,null,null,null,null,null,null,null,null,null,null,34
0400000US35,44975,2996,14348,3248,6739,1964,1073,681,0,193,1397,872,118,198,139,199,0,193,661,674,159,273,1119,679,715,418,1032,663,146,171,180,223,7609,2353,503,399,72,95,1436,942,293,307,709,814,265,330,967,776,1031,668,533,489,727,431,555,374,243,204,275,303,30627,2726,18529,1863,1037,455,355,247,1594,895,316,272,49,86,82,101,2864,1067,1728,745,3107,863,3150,1056,2410,816,1499,790,338,251,12098,2056,438,295,62,112,863,446,749,358,126,142,424,317,1379,811,958,574,1889,679,930,507,2053,807,1328,835,899,434,New Mexico,null,null,null,null,null,null,null,null,null,null,null,null,null,null,null,null,null,null,null,null,null,null,null,null,null,null,null,null,null,null,null,null,null,null,null,null,null,null,null,null,null,null,null,null,null,null,null,null,null,null,null,null,null,null,null,null,null,null,null,null,null,null,null,null,null,null,null,null,null,null,null,null,null,null,null,null,null,null,null,null,null,null,null,null,null,null,null,null,null,null,null,null,null,null,null,null,null,null,null,null,null,null,null,null,null,null,null,null,null,null,null,null,null,null,null,null,null,null,35
0400000US36,2971806,17113,671352,22326,291542,10505,34041,3379,7216,1826,38492,3584,14353,1974,6098,1551,11172,1709,33194,3142,31275,3423,25621,2747,35467,3007,32165,2937,14917,1635,7531,1233,379810,14883,34918,3491,5665,1443,37831,3281,16687,2483,7066,1403,11789,1700,43230,3399,54625,4250,46600,3361,44565,3187,38331,2890,20340,2068,18163,2085,2300454,20841,1069479,11736,66964,3702,13250,2389,75784,4060,43310,3338,15687,1749,31977,2462,117150,3601,173949,4745,140695,3828,153761,3557,123765,3095,71991,2675,41196,1770,1230975,13273,65247,4179,10856,1693,72178,3888,42599,2958,14800,1839,29497,2099,113068,3789,181442,5377,166553,3899,186114,3701,163580,3459,108597,2341,76444,2579,New York,null,null,null,null,null,null,null,null,null,null,null,null,null,null,null,null,null,null,null,null,null,null,null,null,null,null,null,null,null,null,null,null,null,null,null,null,null,null,null,null,null,null,null,null,null,null,null,null,null,null,null,null,null,null,null,null,null,null,null,null,null,null,null,null,null,null,null,null,null,null,null,null,null,null,null,null,null,null,null,null,null,null,null,null,null,null,null,null,null,null,null,null,null,null,null,null,null,null,null,null,null,null,null,null,null,null,null,null,null,null,null,null,null,null,null,null,null,null,36
0400000US37,2089663,11757,527799,19016,223313,11095,29752,3258,6338,1568,31248,2961,15469,2558,5968,1411,7680,1494,29084,3641,21858,2893,18018,3031,21755,2697,21900,2115,9250,1494,4993,1143,304486,11242,25349,2914,7383,1555,29823,3016,18989,2667,4434,1207,9056,1414,36192,3569,50012,3501,34656,3148,28345,2982,29620,2581,16813,2051,13814,1805,1561864,19482,740330,11543,41118,3358,9752,1788,57062,4414,33949,3534,11088,1903,21451,2043,83609,3757,98762,3983,103141,4185,107492,3506,92911,2141,54506,2489,25489,2015,821534,11879,39220,2867,8186,1758,54730,3604,29726,2830,10525,1814,20611,2187,65660,4620,109183,4640,120112,3560,130480,3420,117101,2921,72803,2455,43197,2290,North Carolina,null,null,null,null,null,null,null,null,null,null,null,null,null,null,null,null,null,null,null,null,null,null,null,null,null,null,null,null,null,null,null,null,null,null,null,null,null,null,null,null,null,null,null,null,null,null,null,null,null,null,null,null,null,null,null,null,null,null,null,null,null,null,null,null,null,null,null,null,null,null,null,null,null,null,null,null,null,null,null,null,null,null,null,null,null,null,null,null,null,null,null,null,null,null,null,null,null,null,null,null,null,null,null,null,null,null,null,null,null,null,null,null,null,null,null,null,null,null,37
0400000US38,null,null,null,null,null,null,null,null,null,null,null,null,null,null,null,null,null,null,null,null,null,null,null,null,null,null,null,null,null,null,null,null,null,null,null,null,null,null,null,null,null,null,null,null,null,null,null,null,null,null,null,null,null,null,null,null,null,null,null,null,null,null,null,null,null,null,null,null,null,null,null,null,null,null,null,null,null,null,null,null,null,null,null,null,null,null,null,null,null,null,null,null,null,null,null,null,null,null,null,null,null,null,null,null,null,null,null,null,null,null,null,null,null,null,null,null,null,null,North Dakota,null,null,null,null,null,null,null,null,null,null,null,null,null,null,null,null,null,null,null,null,null,null,null,null,null,null,null,null,null,null,null,null,null,null,null,null,null,null,null,null,null,null,null,null,null,null,null,null,null,null,null,null,null,null,null,null,null,null,null,null,null,null,null,null,null,null,null,null,null,null,null,null,null,null,null,null,null,null,null,null,null,null,null,null,null,null,null,null,null,null,null,null,null,null,null,null,null,null,null,null,null,null,null,null,null,null,null,null,null,null,null,null,null,null,null,null,null,null,38
0400000US39,1366319,12409,443788,16644,198869,9268,24988,2887,6320,1405,30207,2492,13048,1839,4711,1202,7893,1530,23551,2937,22368,2395,18865,2217,20305,2009,18036,2076,5504,1178,3073,727,244919,10256,27116,2844,5468,1100,30245,3263,13890,2251,3764,904,7229,1342,29504,3325,38938,3097,28036,2572,24338,2568,19751,1849,10153,1529,6487,935,922531,16442,433173,8965,25049,2276,5172,1211,33269,2671,18429,2277,5100,1198,13387,1411,45930,2882,61544,3212,57763,2885,59557,2514,56430,2345,31568,1412,19975,1211,489358,10598,21311,2560,5725,1322,31427,3350,18537,2408,7437,1296,13497,1577,47037,3123,63979,3204,64553,3101,69225,2737,70555,2130,43333,1914,32742,1471,Ohio,null,null,null,null,null,null,null,null,null,null,null,null,null,null,null,null,null,null,null,null,null,null,null,null,null,null,null,null,null,null,null,null,null,null,null,null,null,null,null,null,null,null,null,null,null,null,null,null,null,null,null,null,null,null,null,null,null,null,null,null,null,null,null,null,null,null,null,null,null,null,null,null,null,null,null,null,null,null,null,null,null,null,null,null,null,null,null,null,null,null,null,null,null,null,null,null,null,null,null,null,null,null,null,null,null,null,null,null,null,null,null,null,null,null,null,null,null,null,39
0400000US40,266410,5330,74047,6226,34181,3705,4746,1159,1207,478,4530,936,2509,793,583,335,796,325,4002,1267,3593,963,3271,885,3170,740,4037,785,1060,417,677,273,39866,3940,4113,1152,753,526,3768,799,2714,792,713,376,1167,423,5404,1069,6494,1142,4169,1009,3408,729,4438,799,1674,505,1051,309,192363,6704,96080,4050,5358,1263,1569,697,7866,1446,3707,791,1926,508,3070,692,11541,1335,15521,1655,12734,1440,12679,1226,10985,1119,6140,768,2984,557,96283,4732,4484,1381,681,283,7556,1396,3207,933,1243,609,2484,734,10100,1455,14227,1620,14557,1485,13953,927,12067,1019,7595,845,4129,560,Oklahoma,null,null,null,null,null,null,null,null,null,null,null,null,null,null,null,null,null,null,null,null,null,null,null,null,null,null,null,null,null,null,null,null,null,null,null,null,null,null,null,null,null,null,null,null,null,null,null,null,null,null,null,null,null,null,null,null,null,null,null,null,null,null,null,null,null,null,null,null,null,null,null,null,null,null,null,null,null,null,null,null,null,null,null,null,null,null,null,null,null,null,null,null,null,null,null,null,null,null,null,null,null,null,null,null,null,null,null,null,null,null,null,null,null,null,null,null,null,null,40
0400000US41,72976,3255,22381,4193,9800,2173,1188,589,397,354,924,488,319,318,224,249,231,207,1923,1083,1060,547,1017,560,1279,605,923,565,227,189,88,94,12581,2666,1194,592,50,73,1490,759,147,167,126,165,692,753,1166,663,3091,711,1373,752,1000,629,1327,477,496,324,429,325,50595,4464,28674,2887,1597,527,386,297,1901,660,1072,527,480,326,404,289,2533,1254,5416,1120,4745,1305,4207,1034,3482,763,1757,469,694,203,21921,2639,697,391,309,290,1977,604,863,572,622,502,799,478,1632,763,2926,869,3954,985,3764,934,2362,700,1424,528,592,241,Oregon,null,null,null,null,null,null,null,null,null,null,null,null,null,null,null,null,null,null,null,null,null,null,null,null,null,null,null,null,null,null,null,null,null,null,null,null,null,null,null,null,null,null,null,null,null,null,null,null,null,null,null,null,null,null,null,null,null,null,null,null,null,null,null,null,null,null,null,null,null,null,null,null,null,null,null,null,null,null,null,null,null,null,null,null,null,null,null,null,null,null,null,null,null,null,null,null,null,null,null,null,null,null,null,null,null,null,null,null,null,null,null,null,null,null,null,null,null,null,41
0400000US42,1327641,10793,378173,14875,170884,7924,20119,2296,4841,1509,23553,2946,12130,1992,5076,1134,8649,1524,19876,2645,19560,2656,15146,2220,16715,2164,16250,1796,5456,1066,3513,988,207289,9692,20377,2218,3221,920,24449,2559,9917,1679,3983,959,7480,1600,23290,3029,32958,3260,25324,2058,21020,2065,18549,2475,9781,1461,6940,1093,949468,16370,449419,8606,28545,2426,5977,1784,34337,3035,20333,2393,4989,1200,14112,1551,51436,3016,65174,2974,58908,2744,65670,2364,52151,2241,30022,1725,17765,1281,500049,11202,25433,2557,5508,1329,31365,2967,17342,2581,6126,1185,12414,1634,49770,3255,72117,4735,63896,2423,74620,2912,66468,2394,43107,1662,31883,1592,Pennsylvania,null,null,null,null,null,null,null,null,null,null,null,null,null,null,null,null,null,null,null,null,null,null,null,null,null,null,null,null,null,null,null,null,null,null,null,null,null,null,null,null,null,null,null,null,null,null,null,null,null,null,null,null,null,null,null,null,null,null,null,null,null,null,null,null,null,null,null,null,null,null,null,null,null,null,null,null,null,null,null,null,null,null,null,null,null,null,null,null,null,null,null,null,null,null,null,null,null,null,null,null,null,null,null,null,null,null,null,null,null,null,null,null,null,null,null,null,null,null,42
0400000US44,62388,4169,15211,3692,6128,1824,411,338,353,379,739,680,565,458,194,231,319,299,716,445,1052,770,350,256,379,421,462,353,499,396,89,159,9083,2507,404,397,107,182,912,547,699,511,244,233,542,370,953,878,1245,664,1667,776,405,285,1021,453,685,396,199,255,47177,4098,25187,2147,1915,562,358,272,2738,1047,485,340,136,161,508,400,2682,564,4495,908,3355,503,3350,598,2980,458,1615,477,570,394,21990,2727,1665,461,779,539,877,541,690,381,430,434,406,417,2289,900,4594,1172,2287,765,3216,513,2631,446,1486,513,640,381,Rhode Island,null,null,null,null,null,null,null,null,null,null,null,null,null,null,null,null,null,null,null,null,null,null,null,null,null,null,null,null,null,null,null,null,null,null,null,null,null,null,null,null,null,null,null,null,null,null,null,null,null,null,null,null,null,null,null,null,null,null,null,null,null,null,null,null,null,null,null,null,null,null,null,null,null,null,null,null,null,null,null,null,null,null,null,null,null,null,null,null,null,null,null,null,null,null,null,null,null,null,null,null,null,null,null,null,null,null,null,null,null,null,null,null,null,null,null,null,null,null,44
0400000US45,1293410,7220,341847,15557,146699,8297,20125,2463,3907,1014,22276,2264,11207,1885,3863,1181,6635,1192,12567,2279,15075,2372,10462,1874,14728,2248,15314,1680,6053,1081,4487,1162,195148,9489,17362,1908,3163,979,22846,2955,9119,1701,2688,900,5632,1236,21537,2954,26420,2537,23596,2976,19233,2004,23090,2309,10184,1608,10278,1502,951563,15566,449808,7894,23725,2448,5261,1557,34151,2802,18677,2585,7079,1729,15972,2037,54020,3248,65683,4101,57735,2944,58318,2989,57044,1826,36938,1839,15205,1302,501755,11214,24519,2750,5754,1460,30883,3128,21018,3333,6719,1401,11550,1843,47456,3437,67105,2575,68686,3408,75521,3194,69261,2115,47639,1881,25644,1493,South Carolina,null,null,null,null,null,null,null,null,null,null,null,null,null,null,null,null,null,null,null,null,null,null,null,null,null,null,null,null,null,null,null,null,null,null,null,null,null,null,null,null,null,null,null,null,null,null,null,null,null,null,null,null,null,null,null,null,null,null,null,null,null,null,null,null,null,null,null,null,null,null,null,null,null,null,null,null,null,null,null,null,null,null,null,null,null,null,null,null,null,null,null,null,null,null,null,null,null,null,null,null,null,null,null,null,null,null,null,null,null,null,null,null,null,null,null,null,null,null,45
0400000US46,null,null,null,null,null,null,null,null,null,null,null,null,null,null,null,null,null,null,null,null,null,null,null,null,null,null,null,null,null,null,null,null,null,null,null,null,null,null,null,null,null,null,null,null,null,null,null,null,null,null,null,null,null,null,null,null,null,null,null,null,null,null,null,null,null,null,null,null,null,null,null,null,null,null,null,null,null,null,null,null,null,null,null,null,null,null,null,null,null,null,null,null,null,null,null,null,null,null,null,null,null,null,null,null,null,null,null,null,null,null,null,null,null,null,null,null,null,null,South Dakota,null,null,null,null,null,null,null,null,null,null,null,null,null,null,null,null,null,null,null,null,null,null,null,null,null,null,null,null,null,null,null,null,null,null,null,null,null,null,null,null,null,null,null,null,null,null,null,null,null,null,null,null,null,null,null,null,null,null,null,null,null,null,null,null,null,null,null,null,null,null,null,null,null,null,null,null,null,null,null,null,null,null,null,null,null,null,null,null,null,null,null,null,null,null,null,null,null,null,null,null,null,null,null,null,null,null,null,null,null,null,null,null,null,null,null,null,null,null,46
0400000US47,1069767,8882,271504,14286,118741,7846,18028,2237,3649,1063,17823,2881,9530,2198,1721,662,4136,1073,11514,1995,12606,2506,9510,1644,11223,1414,12378,1625,3972,916,2651,647,152763,8602,15862,2248,3037,1180,16736,2287,8885,1904,3445,1101,4728,1128,21075,2848,21543,2622,16847,2240,14484,2026,13131,1760,6756,1347,6234,933,798263,15093,378821,9155,21116,2460,4208,1225,28301,3087,16259,2318,6940,1156,13134,1234,46268,3244,58730,3813,53254,2277,52361,1990,43891,2234,24897,1191,9462,949,419442,8986,22082,2494,4124,1316,29519,3540,14317,1782,6054,1136,10609,1509,39402,3400,64614,3034,59546,2179,62803,2407,57727,1894,30841,1731,17804,1084,Tennessee,null,null,null,null,null,null,null,null,null,null,null,null,null,null,null,null,null,null,null,null,null,null,null,null,null,null,null,null,null,null,null,null,null,null,null,null,null,null,null,null,null,null,null,null,null,null,null,null,null,null,null,null,null,null,null,null,null,null,null,null,null,null,null,null,null,null,null,null,null,null,null,null,null,null,null,null,null,null,null,null,null,null,null,null,null,null,null,null,null,null,null,null,null,null,null,null,null,null,null,null,null,null,null,null,null,null,null,null,null,null,null,null,null,null,null,null,null,null,47
0400000US48,3153805,18053,673950,22547,289069,11291,36766,3357,6845,1576,47934,4409,21525,3104,5924,1507,11853,2055,34982,3760,31347,3325,22517,2802,26199,3194,27239,2538,10314,1385,5624,1061,384881,16234,37459,4160,8178,1696,45760,3412,17461,2334,5249,1457,14352,2366,47796,4453,64606,4474,47234,3864,35160,2858,34651,3110,15129,2026,11846,1383,2479855,26117,1196520,13821,75909,4139,15490,2894,103940,4625,50842,4098,17020,2262,37851,2821,129902,5711,194851,4967,180125,4337,162625,4622,132639,2984,64860,1848,30466,1646,1283335,17463,76249,4739,14407,2527,99684,5654,50421,3920,18042,2296,36116,3117,121363,5001,187417,5684,198419,4863,186454,3895,156316,3366,87465,2626,50982,2114,Texas,null,null,null,null,null,null,null,null,null,null,null,null,null,null,null,null,null,null,null,null,null,null,null,null,null,null,null,null,null,null,null,null,null,null,null,null,null,null,null,null,null,null,null,null,null,null,null,null,null,null,null,null,null,null,null,null,null,null,null,null,null,null,null,null,null,null,null,null,null,null,null,null,null,null,null,null,null,null,null,null,null,null,null,null,null,null,null,null,null,null,null,null,null,null,null,null,null,null,null,null,null,null,null,null,null,null,null,null,null,null,null,null,null,null,null,null,null,null,48
0400000US49,33569,2030,7956,2235,4885,1545,680,633,73,92,751,430,85,105,154,207,417,274,1138,716,907,616,601,461,0,187,40,81,0,187,39,77,3071,1256,203,329,72,85,174,166,276,378,0,187,200,246,951,522,471,357,288,235,206,215,172,187,58,116,0,187,25613,2749,14941,1910,1703,871,436,300,1527,654,978,659,43,83,179,141,1841,706,3030,1285,2006,914,1607,812,1138,403,353,262,100,96,10672,1598,706,498,117,156,1373,602,807,462,116,118,581,449,1379,544,2430,620,696,333,567,362,856,329,157,217,887,319,Utah,null,null,null,null,null,null,null,null,null,null,null,null,null,null,null,null,null,null,null,null,null,null,null,null,null,null,null,null,null,null,null,null,null,null,null,null,null,null,null,null,null,null,null,null,null,null,null,null,null,null,null,null,null,null,null,null,null,null,null,null,null,null,null,null,null,null,null,null,null,null,null,null,null,null,null,null,null,null,null,null,null,null,null,null,null,null,null,null,null,null,null,null,null,null,null,null,null,null,null,null,null,null,null,null,null,null,null,null,null,null,null,null,null,null,null,null,null,null,49
0400000US50,null,null,null,null,null,null,null,null,null,null,null,null,null,null,null,null,null,null,null,null,null,null,null,null,null,null,null,null,null,null,null,null,null,null,null,null,null,null,null,null,null,null,null,null,null,null,null,null,null,null,null,null,null,null,null,null,null,null,null,null,null,null,null,null,null,null,null,null,null,null,null,null,null,null,null,null,null,null,null,null,null,null,null,null,null,null,null,null,null,null,null,null,null,null,null,null,null,null,null,null,null,null,null,null,null,null,null,null,null,null,null,null,null,null,null,null,null,null,Vermont,null,null,null,null,null,null,null,null,null,null,null,null,null,null,null,null,null,null,null,null,null,null,null,null,null,null,null,null,null,null,null,null,null,null,null,null,null,null,null,null,null,null,null,null,null,null,null,null,null,null,null,null,null,null,null,null,null,null,null,null,null,null,null,null,null,null,null,null,null,null,null,null,null,null,null,null,null,null,null,null,null,null,null,null,null,null,null,null,null,null,null,null,null,null,null,null,null,null,null,null,null,null,null,null,null,null,null,null,null,null,null,null,null,null,null,null,null,null,50
0400000US51,1534454,11348,293132,15611,122016,7629,15983,2426,2900,1078,21182,2553,7552,1726,2089,918,5084,1161,15333,2261,12863,1849,9637,1900,11827,1693,10489,1882,4243,849,2834,786,171116,9579,15338,2463,4504,1068,17296,2450,8459,1513,2555,864,5902,1264,19133,2596,29893,3638,18034,2431,18282,1961,15143,1804,8825,1288,7752,1191,1241322,17307,592084,9508,35945,2696,7776,1693,44047,3254,19638,2353,8188,1666,19341,2183,57897,3477,87871,3434,81406,3704,88648,2927,76048,2678,43134,1661,22145,1397,649238,10668,33711,3184,7438,1445,45249,3127,22506,2563,7045,1425,17595,1872,58520,3514,87457,3641,89064,3741,102211,2880,90457,2901,52345,1584,35640,1767,Virginia,null,null,null,null,null,null,null,null,null,null,null,null,null,null,null,null,null,null,null,null,null,null,null,null,null,null,null,null,null,null,null,null,null,null,null,null,null,null,null,null,null,null,null,null,null,null,null,null,null,null,null,null,null,null,null,null,null,null,null,null,null,null,null,null,null,null,null,null,null,null,null,null,null,null,null,null,null,null,null,null,null,null,null,null,null,null,null,null,null,null,null,null,null,null,null,null,null,null,null,null,null,null,null,null,null,null,null,null,null,null,null,null,null,null,null,null,null,null,51
0400000US53,253366,7099,58508,7313,30195,4298,4421,1299,820,616,4189,1279,1233,542,266,311,1143,574,4565,1555,3099,952,2820,884,3118,1038,3441,828,567,358,513,424,28313,3982,2158,971,153,191,3156,939,2106,824,856,635,1159,737,2645,1015,5088,1500,3615,996,3671,943,2598,718,687,393,421,237,194858,7601,106592,4568,6727,1498,944,561,6566,1286,4037,1214,1141,525,3122,728,11389,1769,18697,1954,17451,1295,15865,1643,12340,1071,6299,688,2014,469,88266,4280,5802,1004,1252,677,5825,1298,4087,939,1540,640,1762,715,10122,1413,15551,1999,12491,1406,11559,1109,10235,988,5050,612,2990,564,Washington,null,null,null,null,null,null,null,null,null,null,null,null,null,null,null,null,null,null,null,null,null,null,null,null,null,null,null,null,null,null,null,null,null,null,null,null,null,null,null,null,null,null,null,null,null,null,null,null,null,null,null,null,null,null,null,null,null,null,null,null,null,null,null,null,null,null,null,null,null,null,null,null,null,null,null,null,null,null,null,null,null,null,null,null,null,null,null,null,null,null,null,null,null,null,null,null,null,null,null,null,null,null,null,null,null,null,null,null,null,null,null,null,null,null,null,null,null,null,53
0400000US54,62757,3700,17796,3435,8753,1971,886,580,285,275,888,451,603,442,442,354,480,323,2015,913,514,464,961,484,603,341,822,442,159,125,95,97,9043,2040,380,433,713,528,593,374,246,249,62,111,392,350,1192,617,1902,933,1609,664,639,380,417,249,336,265,562,386,44961,3302,22682,1958,1623,806,447,400,1163,531,444,320,158,198,452,345,2784,1049,2611,945,3011,1015,3506,917,4008,1089,1682,584,793,384,22279,2188,1171,646,382,309,2252,697,577,320,376,314,730,501,1510,803,2838,1004,2262,847,2764,696,3608,670,2514,579,1295,475,West Virginia,null,null,null,null,null,null,null,null,null,null,null,null,null,null,null,null,null,null,null,null,null,null,null,null,null,null,null,null,null,null,null,null,null,null,null,null,null,null,null,null,null,null,null,null,null,null,null,null,null,null,null,null,null,null,null,null,null,null,null,null,null,null,null,null,null,null,null,null,null,null,null,null,null,null,null,null,null,null,null,null,null,null,null,null,null,null,null,null,null,null,null,null,null,null,null,null,null,null,null,null,null,null,null,null,null,null,null,null,null,null,null,null,null,null,null,null,null,null,54
0400000US55,343423,4851,114136,8093,52370,3952,8175,1460,1373,562,8065,1447,4438,1285,1385,465,1686,538,6420,1289,6335,1141,4002,1030,4442,893,4998,881,492,284,559,350,61766,5182,6477,1235,1135,633,7321,1388,4441,1251,1667,453,1644,531,8779,1835,10611,1370,5841,1059,5621,995,5428,1016,1357,474,1444,540,229287,7557,109292,3838,7273,1199,1828,662,9980,1674,5726,1079,1305,443,5115,863,13362,1518,15412,1449,15513,1376,13947,1033,10274,944,6534,498,3023,539,119995,5174,7381,1422,1485,665,9563,1367,4695,971,2250,705,3654,913,13318,1508,17033,1481,17987,1418,16703,1160,13838,1054,7828,733,4260,573,Wisconsin,null,null,null,null,null,null,null,null,null,null,null,null,null,null,null,null,null,null,null,null,null,null,null,null,null,null,null,null,null,null,null,null,null,null,null,null,null,null,null,null,null,null,null,null,null,null,null,null,null,null,null,null,null,null,null,null,null,null,null,null,null,null,null,null,null,null,null,null,null,null,null,null,null,null,null,null,null,null,null,null,null,null,null,null,null,null,null,null,null,null,null,null,null,null,null,null,null,null,null,null,null,null,null,null,null,null,null,null,null,null,null,null,null,null,null,null,null,null,55
0400000US56,null,null,null,null,null,null,null,null,null,null,null,null,null,null,null,null,null,null,null,null,null,null,null,null,null,null,null,null,null,null,null,null,null,null,null,null,null,null,null,null,null,null,null,null,null,null,null,null,null,null,null,null,null,null,null,null,null,null,null,null,null,null,null,null,null,null,null,null,null,null,null,null,null,null,null,null,null,null,null,null,null,null,null,null,null,null,null,null,null,null,null,null,null,null,null,null,null,null,null,null,null,null,null,null,null,null,null,null,null,null,null,null,null,null,null,null,null,null,Wyoming,null,null,null,null,null,null,null,null,null,null,null,null,null,null,null,null,null,null,null,null,null,null,null,null,null,null,null,null,null,null,null,null,null,null,null,null,null,null,null,null,null,null,null,null,null,null,null,null,null,null,null,null,null,null,null,null,null,null,null,null,null,null,null,null,null,null,null,null,null,null,null,null,null,null,null,null,null,null,null,null,null,null,null,null,null,null,null,null,null,null,null,null,null,null,null,null,null,null,null,null,null,null,null,null,null,null,null,null,null,null,null,null,null,null,null,null,null,null,56
0400000US72,339815,12811,164168,10170,77414,5697,4894,1289,912,571,8828,1745,2624,857,1660,669,1899,581,8233,1927,9083,1636,8533,1657,10051,1882,9748,1655,7417,1301,3532,981,86754,6123,4460,1068,602,521,6341,1464,3350,999,1286,612,2430,729,9084,1682,10062,1597,10587,1838,13161,1981,10102,1407,8727,1256,6562,1163,175647,9816,91873,6082,2507,750,255,245,4439,1290,3051,910,1105,626,2361,738,7422,1587,12619,2108,13853,2536,13939,2129,13466,1578,10109,1682,6747,1078,83774,5556,1836,543,851,600,3716,1090,2214,813,793,351,2380,741,7298,1559,8782,1656,11230,1769,11965,1630,15538,2124,10805,1406,6366,1108,Puerto Rico,null,null,null,null,null,null,null,null,null,null,null,null,null,null,null,null,null,null,null,null,null,null,null,null,null,null,null,null,null,null,null,null,null,null,null,null,null,null,null,null,null,null,null,null,null,null,null,null,null,null,null,null,null,null,null,null,null,null,null,null,null,null,null,null,null,null,null,null,null,null,null,null,null,null,null,null,null,null,null,null,null,null,null,null,null,null,null,null,null,null,null,null,null,null,null,null,null,null,null,null,null,null,null,null,null,null,null,null,null,null,null,null,null,null,null,null,null,null,72
